[{"orderStatus":"pickedUp","lastOrderStatusUpdate":"2022-06-06T21:37:16Z","customerID":"365712292","personalEmail":"eorrill0@skype.com","orderID":"d40f3d85-fef6-4010-aa97-c87bca2bc2fd","orderDate":"2022-06-11T09:09:56Z","orderTotal":276.58,"paymentType":"credit","paymentAmount":250.63,"paymentCurrencyCode":"USD","paymentTransactionID":"c1ca8140-a4bd-415a-90df-57aa95a89540","storeID":"STORE-05","shippingStreetAddress":"79 Loomis Lane","shippingCity":"Oakland","shippingState":"California","shippingZip":"94622","shippingMethod":"Overnight","shippingAmount":9.99,"shippingDestination":"home","billingState":"Florida","billingStreetAddress":"1 Novick Trail","billingCity":"Boca Raton","billingZip":"33487","plan":{"ID":"m1"},"Products":[{"productID":"PRODUCT-11","quantity":1,"price":150.23,"currencyCode":"USD","model":"v4","make":"Google"},{"productID":"PRODUCT-8","quantity":1,"price":402.23,"currencyCode":"USD","model":"v2","make":"Apple"}]},{"orderStatus":"shipped","lastOrderStatusUpdate":"2022-06-07T20:49:05Z","customerID":"324235705","personalEmail":"epittaway1@nasa.gov","orderID":"c426b197-889c-4f32-b39a-f9e4504ad96a","orderDate":"2022-06-10T05:13:52Z","orderTotal":104.06,"paymentType":"credit","paymentAmount":340.06,"paymentCurrencyCode":"USD","paymentTransactionID":"350d44cb-3504-4c94-88ca-b97e08d8fb10","storeID":"STORE-81","shippingStreetAddress":"368 Browning Terrace","shippingCity":"New York City","shippingState":"New York","shippingZip":"10115","shippingMethod":"Overnight","shippingAmount":9.99,"shippingDestination":"store","billingState":"District of Columbia","billingStreetAddress":"7 Upham Drive","billingCity":"Washington","billingZip":"20508","plan":{"ID":"m2"},"Products":[{"productID":"PRODUCT-15","quantity":1,"price":402.23,"currencyCode":"USD","model":"v4","make":"Google"},{"productID":"PRODUCT-4","quantity":1,"price":402.23,"currencyCode":"USD","model":"v1","make":"Apple"},{"productID":"PRODUCT-9","quantity":1,"price":202.23,"currencyCode":"USD","model":"v1","make":"Google"},{"productID":"PRODUCT-14","quantity":1,"price":202.23,"currencyCode":"USD","model":"v2","make":"Google"}]},{"orderStatus":"delivered","lastOrderStatusUpdate":"2022-06-10T18:04:32Z","customerID":"144200612","personalEmail":"clyfe2@google.fr","orderID":"f38a2b50-f7d4-4a48-8a44-cd4560c05c06","orderDate":"2022-06-11T20:49:03Z","orderTotal":298.85,"paymentType":"credit","paymentAmount":208.05,"paymentCurrencyCode":"USD","paymentTransactionID":"d3c0dba6-744e-4218-88ec-8ad3e5c390b7","storeID":"STORE-86","shippingStreetAddress":"2383 Forest Run Terrace","shippingCity":"Waco","shippingState":"Texas","shippingZip":"76796","shippingMethod":"Standard","shippingAmount":0,"shippingDestination":"home","billingState":"Virginia","billingStreetAddress":"167 Portage Place","billingCity":"Arlington","billingZip":"22234","plan":{"ID":"m3"},"Products":[{"productID":"PRODUCT-3","quantity":1,"price":402.23,"currencyCode":"USD","model":"v4","make":"Samsung"},{"productID":"PRODUCT-5","quantity":1,"price":150.23,"currencyCode":"USD","model":"v4","make":"Google"}]},{"orderStatus":"placed","lastOrderStatusUpdate":"2022-06-14T07:03:25Z","customerID":"431882233","personalEmail":"igladeche3@shinystat.com","orderID":"fb655082-d1ef-498e-abcc-9931f0bfe9cc","orderDate":"2022-06-11T21:59:21Z","orderTotal":206.91,"paymentType":"credit","paymentAmount":246.09,"paymentCurrencyCode":"USD","paymentTransactionID":"ef543859-bcd5-404f-b235-22a2ab4aedc0","storeID":"STORE-44","shippingStreetAddress":"9898 Twin Pines Court","shippingCity":"Los Angeles","shippingState":"California","shippingZip":"90081","shippingMethod":"Expedited","shippingAmount":7.99,"shippingDestination":"home","billingState":"District of Columbia","billingStreetAddress":"11813 Kipling Drive","billingCity":"Washington","billingZip":"20551","plan":{"ID":"m1"},"Products":[{"productID":"PRODUCT-12","quantity":1,"price":402.23,"currencyCode":"USD","model":"v3","make":"Apple"},{"productID":"PRODUCT-1","quantity":1,"price":150.23,"currencyCode":"USD","model":"v1","make":"Apple"},{"productID":"PRODUCT-8","quantity":1,"price":202.23,"currencyCode":"USD","model":"v1","make":"Google"},{"productID":"PRODUCT-8","quantity":1,"price":202.23,"currencyCode":"USD","model":"v3","make":"Google"}]},{"orderStatus":"cancelled","lastOrderStatusUpdate":"2022-06-13T15:37:53Z","customerID":"306012274","personalEmail":"sseeviour4@cocolog-nifty.com","orderID":"6bf77b40-584a-465d-af1d-acd837428562","orderDate":"2022-06-09T04:16:19Z","orderTotal":351.37,"paymentType":"credit","paymentAmount":118.87,"paymentCurrencyCode":"USD","paymentTransactionID":"db558a70-6ebd-448e-937a-938646f6b5a5","storeID":"STORE-17","shippingStreetAddress":"201 Birchwood Plaza","shippingCity":"Austin","shippingState":"Texas","shippingZip":"78726","shippingMethod":"Expedited","shippingAmount":7.99,"shippingDestination":"home","billingState":"Virginia","billingStreetAddress":"90369 Dennis Way","billingCity":"Richmond","billingZip":"23242","plan":{"ID":"m2"},"Products":[{"productID":"PRODUCT-2","quantity":1,"price":150.23,"currencyCode":"USD","model":"v3","make":"Google"},{"productID":"PRODUCT-2","quantity":1,"price":402.23,"currencyCode":"USD","model":"v4","make":"Google"}]},{"orderStatus":"readyForPickup","lastOrderStatusUpdate":"2022-06-13T02:15:56Z","customerID":"396127636","personalEmail":"aminero5@dyndns.org","orderID":"b5d41893-fbbb-434c-80ad-bef59e2ac3e3","orderDate":"2022-06-06T19:11:59Z","orderTotal":260.04,"paymentType":"credit","paymentAmount":221.19,"paymentCurrencyCode":"USD","paymentTransactionID":"d865b103-c691-4b79-b23c-23fa6f0bdc2b","storeID":"STORE-15","shippingStreetAddress":"4 Petterle Road","shippingCity":"Waterloo","shippingState":"Iowa","shippingZip":"50706","shippingMethod":"Expedited","shippingAmount":7.99,"shippingDestination":"store","billingState":"California","billingStreetAddress":"4 High Crossing Trail","billingCity":"Santa Ana","billingZip":"92705","plan":{"ID":"m3"},"Products":[{"productID":"PRODUCT-10","quantity":1,"price":402.23,"currencyCode":"USD","model":"v2","make":"Google"},{"productID":"PRODUCT-11","quantity":1,"price":202.23,"currencyCode":"USD","model":"v2","make":"Apple"},{"productID":"PRODUCT-12","quantity":1,"price":402.23,"currencyCode":"USD","model":"v1","make":"Google"}]},{"orderStatus":"pickedUp","lastOrderStatusUpdate":"2022-06-11T20:07:49Z","customerID":"895427291","personalEmail":"odurning6@theatlantic.com","orderID":"efbaf936-7465-4a4a-9343-cf66f39885cb","orderDate":"2022-06-06T14:40:15Z","orderTotal":229.77,"paymentType":"credit","paymentAmount":168.95,"paymentCurrencyCode":"USD","paymentTransactionID":"4c5c0e37-f03e-45d7-9bee-25522703a1ee","storeID":"STORE-87","shippingStreetAddress":"05 Carioca Crossing","shippingCity":"North Las Vegas","shippingState":"Nevada","shippingZip":"89036","shippingMethod":"Expedited","shippingAmount":7.99,"shippingDestination":"store","billingState":"Nevada","billingStreetAddress":"1592 Summit Park","billingCity":"Reno","billingZip":"89510","plan":{"ID":"m1"},"Products":[{"productID":"PRODUCT-20","quantity":1,"price":202.23,"currencyCode":"USD","model":"v4","make":"Samsung"}]},{"orderStatus":"readyForPickup","lastOrderStatusUpdate":"2022-06-12T07:06:45Z","customerID":"329386952","personalEmail":"lalldridge7@icq.com","orderID":"1efeb367-7393-422f-9166-ab139dc00a8c","orderDate":"2022-06-10T18:10:22Z","orderTotal":332.33,"paymentType":"debit","paymentAmount":227.45,"paymentCurrencyCode":"USD","paymentTransactionID":"3ff87bfe-e5e8-4f6f-a5d9-a0d95e6f53b9","storeID":"STORE-86","shippingStreetAddress":"42 Eagan Hill","shippingCity":"Naples","shippingState":"Florida","shippingZip":"34108","shippingMethod":"Expedited","shippingAmount":7.99,"shippingDestination":"store","billingState":"Washington","billingStreetAddress":"6 Dayton Way","billingCity":"Tacoma","billingZip":"98417","plan":{"ID":"m1"},"Products":[{"productID":"PRODUCT-9","quantity":1,"price":402.23,"currencyCode":"USD","model":"v3","make":"Google"}]},{"orderStatus":"shipped","lastOrderStatusUpdate":"2022-06-10T21:28:41Z","customerID":"794673533","personalEmail":"fpetrillo8@exblog.jp","orderID":"537a1656-ecbe-473c-aa79-9bcb1116b256","orderDate":"2022-06-13T10:32:29Z","orderTotal":252.25,"paymentType":"credit","paymentAmount":209.33,"paymentCurrencyCode":"USD","paymentTransactionID":"3d089371-53e3-4198-ac37-87c38976505f","storeID":"STORE-05","shippingStreetAddress":"76470 Continental Drive","shippingCity":"Baton Rouge","shippingState":"Louisiana","shippingZip":"70810","shippingMethod":"Overnight","shippingAmount":9.99,"shippingDestination":"store","billingState":"Florida","billingStreetAddress":"1749 Calypso Lane","billingCity":"Miami","billingZip":"33283","plan":{"ID":"m3"},"Products":[{"productID":"PRODUCT-5","quantity":1,"price":202.23,"currencyCode":"USD","model":"v3","make":"Google"},{"productID":"PRODUCT-8","quantity":1,"price":402.23,"currencyCode":"USD","model":"v2","make":"Google"}]},{"orderStatus":"placed","lastOrderStatusUpdate":"2022-06-09T22:08:34Z","customerID":"242346565","personalEmail":"afrowde9@symantec.com","orderID":"b9a9928c-afff-4cda-a83d-6e36cd981281","orderDate":"2022-06-11T09:59:40Z","orderTotal":169.66,"paymentType":"credit","paymentAmount":210.57,"paymentCurrencyCode":"USD","paymentTransactionID":"4f0c6458-3078-4771-a83b-bab5f746ac27","storeID":"STORE-11","shippingStreetAddress":"721 Oxford Point","shippingCity":"Springfield","shippingState":"Illinois","shippingZip":"62723","shippingMethod":"Standard","shippingAmount":0,"shippingDestination":"store","billingState":"Texas","billingStreetAddress":"17473 Pennsylvania Road","billingCity":"Corpus Christi","billingZip":"78410","plan":{"ID":"m3"},"Products":[{"productID":"PRODUCT-6","quantity":1,"price":402.23,"currencyCode":"USD","model":"v4","make":"Apple"},{"productID":"PRODUCT-8","quantity":1,"price":402.23,"currencyCode":"USD","model":"v1","make":"Google"},{"productID":"PRODUCT-8","quantity":1,"price":202.23,"currencyCode":"USD","model":"v4","make":"Apple"},{"productID":"PRODUCT-16","quantity":1,"price":202.23,"currencyCode":"USD","model":"v1","make":"Samsung"}]}]