{
    "createDate": "1660096899",
    "modifyDate": "2022-08-09T22:01:39Z",
    "firstName": "Fawn",
    "lastName": "Helian",
    "birth_Date": "1940-01-15",
    "email": "fhelian0@telegraph.co.uk",
    "mobile_phone": "309-115-7572",
    "email_optIn": "y",
    "sms_optIn": "n",
    "customer_id": "928794516",
    "shipping_street_address": "71424 Messerschmidt Circle",
    "shipping_city": "Carol Stream",
    "shipping_state": "IL",
    "shipping_zip_code": "60351",
    "billing_street_address": "71424 Messerschmidt Circle",
    "billing_city": "Carol Stream",
    "billing_state": "IL",
    "billing_zip_code": "60351",
    "plan_id": "m1",
    "plan_name": "basic",
    "account_create_date": "2022-04-20T22:19:03Z",
    "account_end_date": "2022-01-20T13:15:32Z",
    "source": "inStore"
}