customer_id,first_name,last_name,email,mobile_phone,birth_Date,email_optin,sms_optin,plan_id,create_date,modify_date,source,account_create_date,account_end_date,_change_request_type
95469096,Jim,Hopper,jim.hopper@emailsim.io,405385,1942-08-15,1,1,1,1960-08-10 00:00:00,1961-04-14 00:00:00,inStore,1960-08-10 00:00:00,2030-12-31 00:00:00,u
98537578,Jane,Hopper,jane.hopper@emailsim.io,498010,1971-02-19,1,1,3,1989-02-14 00:00:00,1989-04-03 00:00:00,inStore,1989-02-14 00:00:00,2030-12-31 00:00:00,u
96606567,Lucas,Sinclair,lucas.sinclair@emailsim.io,658659,1971-05-14,1,1,1,1989-05-09 00:00:00,1989-06-18 00:00:00,inStore,1989-05-09 00:00:00,2030-12-31 00:00:00,u
89816766,Erica,Sinclair,erica.sinclair@emailsim.io,811693,1973-06-08,1,1,1,1991-06-04 00:00:00,1992-05-28 00:00:00,inStore,1991-06-04 00:00:00,2030-12-31 00:00:00,u
96036252,Dustin,Henderson,dustin.henderson@emailsim.io,486556,1971-05-28,1,1,3,1989-05-23 00:00:00,1989-09-17 00:00:00,inStore,1989-05-23 00:00:00,2030-12-31 00:00:00,u
95888219,Max,Mayfield,max.mayfield@emailsim.io,657222,1971-06-10,1,1,1,1989-06-05 00:00:00,1989-07-27 00:00:00,inStore,1989-06-05 00:00:00,2030-12-31 00:00:00,u
95028655,Joyce,Byers,joyce.byers@emailsim.io,339329,1945-03-12,1,1,2,1963-03-08 00:00:00,1963-04-09 00:00:00,inStore,1963-03-08 00:00:00,2030-12-31 00:00:00,u
93899739,Jonathan,Byers,jonathan.byers@emailsim.io,652146,1970-06-12,1,1,1,1988-06-07 00:00:00,1988-12-01 00:00:00,inStore,1988-06-07 00:00:00,2030-12-31 00:00:00,u
97461758,Will,Byers,will.byers@emailsim.io,900774,1971-03-22,1,1,3,1989-03-17 00:00:00,1989-07-12 00:00:00,inStore,1989-03-17 00:00:00,2030-12-31 00:00:00,u
92494897,Steve,Harrington,steve.harrington@emailsim.io,340612,1967-04-29,1,1,2,1985-04-24 00:00:00,1986-03-11 00:00:00,inStore,1985-04-24 00:00:00,2030-12-31 00:00:00,u
92368001,Henry,Creel,henry.creel@emailsim.io,545307,1947-01-01,1,0,3,1964-12-27 00:00:00,1965-03-17 00:00:00,inStore,1964-12-27 00:00:00,2030-12-31 00:00:00,u
89966237,Murray,Bauman,murray.bauman@emailsim.io,915481,1950-09-09,1,1,3,1968-09-04 00:00:00,1968-10-07 00:00:00,inStore,1968-09-04 00:00:00,2030-12-31 00:00:00,u
88031488,Billy,Hargrove,billy.hargrove@emailsim.io,475460,1967-11-20,1,1,1,1985-11-15 00:00:00,1986-09-23 00:00:00,inStore,1985-11-15 00:00:00,1985-07-04 00:00:00,u
91766073,Eddie,Munson,eddie.munson@emailsim.io,721498,1965-12-01,1,1,1,1983-11-27 00:00:00,1984-05-24 00:00:00,inStore,1983-11-27 00:00:00,1986-07-04 00:00:00,u
11851333,Pail,Belding,pail.belding@emailsim.io,+910709,1973-08-18,0,1,2,2025-07-31 12:58:58,2025-09-03 14:39:21,web,2025-07-31 12:58:58,2028-04-05 22:37:29,u
11888835,Caroline,Borris,caroline.borris@emailsim.io,+420851,1976-05-13,0,1,1,2025-07-27 10:28:19,2025-09-02 04:43:27,inStore,2025-07-27 10:28:19,2028-05-21 19:27:30,u
13098314,Kiele,Pohling,kiele.pohling@emailsim.io,+482560,1967-02-18,1,1,3,2025-08-10 06:48:59,2025-09-06 23:11:54,web,2025-08-10 06:48:59,2027-12-19 01:35:27,u
13409372,Tory,Leonida,tory.leonida@emailsim.io,+182819,1978-03-07,0,1,2,2025-07-24 17:10:11,2025-09-01 06:13:53,web,2025-07-24 17:10:11,2028-06-21 05:11:39,u
13495585,Minor,Goodred,minor.goodred@emailsim.io,+823269,1947-12-26,1,,1,2025-09-08 00:12:41,2025-09-16 20:39:24,web,2025-09-08 00:12:41,2027-02-01 01:46:30,u
13667412,Lexie,Silverman,lexie.silverman@emailsim.io,+901621,1972-01-06,0,0,3,2025-08-02 23:09:45,2025-09-04 10:41:43,web,2025-08-02 23:09:45,2028-03-09 20:28:47,u
13714356,Sigrid,Kittless,sigrid.kittless@emailsim.io,+786319,1982-08-31,0,0,1,2025-07-17 23:41:27,2025-08-29 22:36:39,inStore,2025-07-17 23:41:27,2028-09-04 09:40:49,u
15052369,Basilius,Herety,basilius.herety@emailsim.io,+421830,1990-02-05,0,1,3,2025-07-06 20:07:27,2025-08-26 02:26:56,inStore,2025-07-06 20:07:27,2029-01-06 23:40:09,u
18927446,Jervis,Bradane,jervis.bradane@emailsim.io,+971346,1975-11-06,0,0,1,2025-07-28 05:06:54,2025-09-02 11:08:44,inStore,2025-07-28 05:06:54,2028-05-13 03:07:30,u
19749592,Bobbie,Kemmish,bobbie.kemmish@emailsim.io,+915683,1953-01-08,1,,1,2025-08-31 10:49:55,2025-09-14 06:10:54,web,2025-08-31 10:49:55,2027-04-26 12:38:39,u
21528794,Kaitlyn,Bhatia,kaitlyn.bhatia@emailsim.io,+120617,1999-11-01,0,0,2,2025-06-22 05:37:56,2025-08-21 01:43:26,web,2025-06-22 05:37:56,2029-06-19 04:19:50,u
21657939,Glyn,Skiplorne,glyn.skiplorne@emailsim.io,+813595,1966-02-07,1,1,2,2025-08-11 19:57:09,2025-09-07 11:59:23,web,2025-08-11 19:57:09,2027-12-01 18:36:17,u
21973354,Jerry,Pancost,jerry.pancost@emailsim.io,+598007,1996-11-14,0,1,2,2025-06-26 16:15:33,2025-08-22 14:27:03,inStore,2025-06-26 16:15:33,2029-04-30 12:48:02,u
22476301,Lek,Carrigan,lek.carrigan@emailsim.io,+915764,1983-07-04,0,1,3,2025-07-16 17:25:13,2025-08-29 12:11:03,web,2025-07-16 17:25:13,2028-09-18 11:56:41,u
23025956,Tabina,Buick,tabina.buick@emailsim.io,+918328,1993-02-04,0,0,3,2025-07-02 08:12:38,2025-08-24 13:16:43,web,2025-07-02 08:12:38,2029-02-26 05:34:43,u
23171531,Isobel,McKennan,isobel.mckennan@emailsim.io,+489208,1944-04-25,1,,3,2025-09-13 12:15:14,2025-09-18 18:08:17,inStore,2025-09-13 12:15:14,2026-12-01 14:13:57,u
23728077,Joey,Leehane,joey.leehane@emailsim.io,+912143,1969-05-19,1,0,2,2025-08-06 21:54:14,2025-09-05 19:19:43,web,2025-08-06 21:54:14,2028-01-25 17:46:08,u
24158844,Roana,Matokhnin,roana.matokhnin@emailsim.io,+515816,1972-07-09,0,0,1,2025-08-02 04:54:16,2025-09-04 04:24:24,web,2025-08-02 04:54:16,2028-03-18 08:30:32,u
26382359,Frieda,Crotty,frieda.crotty@emailsim.io,+342618,1952-03-16,1,,3,2025-09-01 16:11:29,2025-09-14 16:17:39,inStore,2025-09-01 16:11:29,2027-04-12 20:33:33,u
26522145,Tessi,Gerretsen,tessi.gerretsen@emailsim.io,+652799,1957-10-28,1,,1,2025-08-24 05:55:46,2025-09-11 18:37:35,inStore,2025-08-24 05:55:46,2027-07-16 00:47:17,u
28158994,Edouard,Hargitt,edouard.hargitt@emailsim.io,+373313,1972-04-23,0,1,2,2025-08-02 12:26:45,2025-09-04 07:00:15,web,2025-08-02 12:26:45,2028-03-14 20:14:13,u
28561107,Joseito,Longridge,joseito.longridge@emailsim.io,+617996,1996-07-06,0,1,2,2025-06-27 05:08:59,2025-08-22 18:53:28,web,2025-06-27 05:08:59,2029-04-24 12:45:12,u
30710284,Clara,Poll,clara.poll@emailsim.io,+155743,1994-08-30,0,1,2,2025-06-29 23:46:49,2025-08-23 17:50:30,web,2025-06-29 23:46:49,2029-03-24 12:10:24,u
32364848,Myrtice,Kenlin,myrtice.kenlin@emailsim.io,+170415,1999-11-20,0,0,2,2025-06-22 03:46:33,2025-08-21 01:05:04,web,2025-06-22 03:46:33,2029-06-20 01:04:33,u
34080149,Berny,Chiverstone,berny.chiverstone@emailsim.io,+918686,1973-04-20,0,0,3,2025-08-01 00:47:05,2025-09-03 18:43:15,inStore,2025-08-01 00:47:05,2028-03-31 10:44:24,u
34298403,Abran,Hindmoor,abran.hindmoor@emailsim.io,+440847,1950-04-06,1,,1,2025-09-04 14:14:32,2025-09-15 16:25:23,web,2025-09-04 14:14:32,2027-03-11 05:45:38,u
35360377,Ann,Marciek,ann.marciek@emailsim.io,+482484,1975-11-14,0,0,1,2025-07-28 04:21:58,2025-09-02 10:53:16,web,2025-07-28 04:21:58,2028-05-13 11:29:44,u
36124990,Bailey,Habershaw,bailey.habershaw@emailsim.io,+370981,1997-11-29,0,1,1,2025-06-25 02:49:46,2025-08-22 01:33:31,inStore,2025-06-25 02:49:46,2029-05-17 23:04:08,u
37064463,Baird,Cossor,baird.cossor@emailsim.io,+860759,1964-04-08,1,1,2,2025-08-14 14:00:31,2025-09-08 10:44:33,web,2025-08-14 14:00:31,2027-11-01 00:26:38,u
37938260,Kippar,Rexworthy,kippar.rexworthy@emailsim.io,+489460,1959-07-29,1,,2,2025-08-21 15:01:51,2025-09-10 20:57:40,inStore,2025-08-21 15:01:51,2027-08-14 07:39:49,u
41900794,Bernelle,Fumagall,bernelle.fumagall@emailsim.io,+213699,1996-10-25,0,1,3,2025-06-26 18:12:16,2025-08-22 15:07:16,inStore,2025-06-26 18:12:16,2029-04-29 15:03:51,u
42452457,Clim,Borit,clim.borit@emailsim.io,+495389,1973-04-24,0,1,2,2025-08-01 00:27:02,2025-09-03 18:36:21,inStore,2025-08-01 00:27:02,2028-03-31 14:28:27,u
43587287,Ashil,Dibdall,ashil.dibdall@emailsim.io,+915232,1971-11-22,0,1,2,2025-08-03 03:32:11,2025-09-04 12:12:07,web,2025-08-03 03:32:11,2028-03-07 19:36:11,u
43648096,Si,Kosiada,si.kosiada@emailsim.io,+443687,1943-01-16,1,,2,2025-09-15 10:07:38,2025-09-19 09:56:20,inStore,2025-09-15 10:07:38,2026-11-10 05:36:36,u
44873563,Mick,Haggis,mick.haggis@emailsim.io,+358692,1952-01-10,1,,1,2025-09-01 22:42:36,2025-09-14 18:32:22,inStore,2025-09-01 22:42:36,2027-04-09 19:42:57,u
45379197,Tiffani,Androlli,tiffani.androlli@emailsim.io,+513383,1979-06-23,0,0,1,2025-07-22 18:35:30,2025-08-31 14:11:16,web,2025-07-22 18:35:30,2028-07-12 21:41:30,u
45749269,Vite,Brekonridge,vite.brekonridge@emailsim.io,+542526,1970-12-18,0,0,3,2025-08-04 13:01:27,2025-09-04 23:44:12,inStore,2025-08-04 13:01:27,2028-02-21 05:23:08,u
45770072,Bald,Chuck,bald.chuck@emailsim.io,+513678,1961-05-09,1,0,1,2025-08-18 22:57:02,2025-09-09 22:53:20,web,2025-08-18 22:57:02,2027-09-13 03:44:34,u
47889676,Becca,Pietruszewicz,becca.pietruszewicz@emailsim.io,+945131,1978-04-15,0,0,1,2025-07-24 13:16:46,2025-09-01 04:53:29,inStore,2025-07-24 13:16:46,2028-06-23 00:40:03,u
48191080,Max,Filippone,max.filippone@emailsim.io,+372654,1956-08-16,1,,1,2025-08-26 01:06:15,2025-09-12 09:29:51,inStore,2025-08-26 01:06:15,2027-06-25 22:19:10,u
48217959,Lucila,Casino,lucila.casino@emailsim.io,+351225,1998-11-25,0,0,1,2025-06-23 15:16:48,2025-08-21 13:18:49,inStore,2025-06-23 15:16:48,2029-06-03 12:19:34,u
49033802,Herminia,Scryne,herminia.scryne@emailsim.io,+541373,1964-08-08,1,0,2,2025-08-14 01:58:00,2025-09-08 06:35:41,web,2025-08-14 01:58:00,2027-11-06 15:00:38,u
50581674,Lorry,Severn,lorry.severn@emailsim.io,+471060,1990-11-22,0,1,3,2025-07-05 15:33:44,2025-08-25 16:36:39,inStore,2025-07-05 15:33:44,2029-01-20 06:50:30,u
51087608,Carla,Coker,carla.coker@emailsim.io,+824477,1971-01-03,0,1,3,2025-08-04 11:24:42,2025-09-04 23:10:53,web,2025-08-04 11:24:42,2028-02-21 23:24:20,u
52965769,Trescha,Eversley,trescha.eversley@emailsim.io,+274255,1948-08-27,1,,1,2025-09-07 00:01:37,2025-09-16 12:19:35,web,2025-09-07 00:01:37,2027-02-12 08:01:47,u
53237193,Morry,Chastey,morry.chastey@emailsim.io,+359453,1966-05-11,1,1,2,2025-08-11 10:42:56,2025-09-07 08:48:29,inStore,2025-08-11 10:42:56,2027-12-06 01:49:25,u
53272032,Briana,Bohan,briana.bohan@emailsim.io,+140542,1959-03-13,1,,1,2025-08-22 04:38:11,2025-09-11 01:38:51,inStore,2025-08-22 04:38:11,2027-08-07 23:37:24,u
53392741,Genia,Mattiuzzi,genia.mattiuzzi@emailsim.io,+780202,1975-12-24,0,0,3,2025-07-28 00:26:47,2025-09-02 09:32:15,inStore,2025-07-28 00:26:47,2028-05-15 07:17:42,u
54590181,Adan,Fortin,adan.fortin@emailsim.io,+380208,1944-10-04,1,,2,2025-09-12 20:21:34,2025-09-18 12:39:48,inStore,2025-09-12 20:21:34,2026-12-08 23:50:59,u
54737661,Jessie,McLeod,jessie.mcleod@emailsim.io,+380294,1989-12-18,0,0,1,2025-07-07 00:54:41,2025-08-26 04:05:52,inStore,2025-07-07 00:54:41,2029-01-04 18:10:24,u
56119723,Kirbee,Size,kirbee.size@emailsim.io,+435401,1991-02-18,0,0,3,2025-07-05 06:49:52,2025-08-25 13:36:12,web,2025-07-05 06:49:52,2029-01-24 08:24:35,u
56520410,Morris,Dietzler,morris.dietzler@emailsim.io,+619654,1979-12-19,0,0,2,2025-07-22 00:55:15,2025-08-31 08:06:04,web,2025-07-22 00:55:15,2028-07-21 03:09:27,u
57308791,Amil,Kender,amil.kender@emailsim.io,+345298,1978-10-13,0,0,3,2025-07-23 19:31:02,2025-08-31 22:46:23,inStore,2025-07-23 19:31:02,2028-07-01 07:09:12,u
62001453,Clary,Gillhespy,clary.gillhespy@emailsim.io,+337377,1944-10-12,1,,1,2025-09-12 19:29:05,2025-09-18 12:21:43,web,2025-09-12 19:29:05,2026-12-09 09:37:29,u
63483489,Nadeen,Dracksford,nadeen.dracksford@emailsim.io,+915604,1955-02-16,1,,3,2025-08-28 07:01:21,2025-09-13 04:04:10,inStore,2025-08-28 07:01:21,2027-05-31 19:47:45,u
64795609,Stephenie,Attenbrough,stephenie.attenbrough@emailsim.io,+485753,1959-07-03,1,,2,2025-08-21 17:36:16,2025-09-10 21:50:51,inStore,2025-08-21 17:36:16,2027-08-13 02:54:07,u
64982803,Carey,Weekly,carey.weekly@emailsim.io,+485570,1966-08-11,1,0,1,2025-08-11 01:42:21,2025-09-07 05:42:17,inStore,2025-08-11 01:42:21,2027-12-10 06:30:22,u
65620893,Marybelle,Delafoy,marybelle.delafoy@emailsim.io,+337901,1976-11-23,0,1,2,2025-07-26 15:21:03,2025-09-01 22:08:17,inStore,2025-07-26 15:21:03,2028-05-30 17:07:52,u
67740571,Lionel,Linnett,lionel.linnett@emailsim.io,+548485,1968-05-10,1,1,3,2025-08-08 10:47:51,2025-09-06 08:02:11,web,2025-08-08 10:47:51,2028-01-08 13:29:31,u
68078421,Maren,Sirr,maren.sirr@emailsim.io,+370330,1987-01-31,0,0,3,2025-07-11 08:41:18,2025-08-27 15:50:35,web,2025-07-11 08:41:18,2028-11-17 10:29:29,u
70572058,Denver,Buxsy,denver.buxsy@emailsim.io,+337258,1954-10-31,1,,3,2025-08-28 17:39:47,2025-09-13 07:44:04,inStore,2025-08-28 17:39:47,2027-05-26 20:53:29,u
70840926,Lou,Erricker,lou.erricker@emailsim.io,+826413,1958-05-15,1,,1,2025-08-23 10:23:03,2025-09-11 11:53:38,inStore,2025-08-23 10:23:03,2027-07-25 03:12:01,u
73864969,Margot,Brabant,margot.brabant@emailsim.io,+908107,1947-11-28,1,,1,2025-09-08 02:59:22,2025-09-16 21:36:49,inStore,2025-09-08 02:59:22,2027-01-30 18:43:49,u
74399540,Had,Ygo,had.ygo@emailsim.io,+559604,1997-07-25,0,1,2,2025-06-25 15:19:56,2025-08-22 05:51:54,web,2025-06-25 15:19:56,2029-05-12 03:21:13,u
74737868,Glenden,Hearnah,glenden.hearnah@emailsim.io,+371898,1962-04-23,1,0,3,2025-08-17 12:31:37,2025-09-09 11:01:56,inStore,2025-08-17 12:31:37,2027-09-29 04:25:14,u
75880089,Georges,Sabates,georges.sabates@emailsim.io,+445347,1966-02-07,1,0,1,2025-08-11 19:53:09,2025-09-07 11:58:01,inStore,2025-08-11 19:53:09,2027-12-01 19:21:03,u
76692648,Alysa,Sloper,alysa.sloper@emailsim.io,+380448,1968-07-18,1,0,3,2025-08-08 03:58:05,2025-09-06 05:41:02,web,2025-08-08 03:58:05,2028-01-11 17:48:33,u
77996530,Francis,Husbands,francis.husbands@emailsim.io,+495584,1980-03-16,0,0,2,2025-07-21 16:15:56,2025-08-31 05:07:11,inStore,2025-07-21 16:15:56,2028-07-25 03:52:47,u
78992285,Ruprecht,Northam,ruprecht.northam@emailsim.io,+902708,1969-06-21,1,1,1,2025-08-06 18:43:06,2025-09-05 18:13:53,inStore,2025-08-06 18:43:06,2028-01-27 05:21:58,u
80605941,Marena,Victor,marena.victor@emailsim.io,+903739,1958-10-20,1,,3,2025-08-22 18:47:16,2025-09-11 06:31:19,web,2025-08-22 18:47:16,2027-08-01 09:29:09,u
81566803,Agna,Woodrup,agna.woodrup@emailsim.io,+905010,1985-08-15,0,0,1,2025-07-13 13:17:02,2025-08-28 09:57:34,web,2025-07-13 13:17:02,2028-10-23 22:45:02,u
82123711,Stuart,Szwarc,stuart.szwarc@emailsim.io,+349529,1984-03-29,0,0,3,2025-07-15 14:57:17,2025-08-29 03:04:06,inStore,2025-07-15 14:57:17,2028-09-30 19:41:29,u
82672855,Yale,Plumridge,yale.plumridge@emailsim.io,+902635,1998-08-31,0,0,1,2025-06-23 23:41:57,2025-08-21 16:12:49,web,2025-06-23 23:41:57,2029-05-30 14:14:37,u
84253791,Ruperta,Hender,ruperta.hender@emailsim.io,+543044,1955-03-01,1,,3,2025-08-28 05:44:24,2025-09-13 03:37:39,web,2025-08-28 05:44:24,2027-06-01 10:07:35,u
86996448,Dov,Tumulty,dov.tumulty@emailsim.io,+829149,1948-01-13,1,,3,2025-09-07 22:26:31,2025-09-16 20:02:50,web,2025-09-07 22:26:31,2027-02-01 21:32:46,u
91566010,Courtnay,Derr,courtnay.derr@emailsim.io,+971304,1944-07-25,1,,1,2025-09-13 03:16:41,2025-09-18 15:02:47,web,2025-09-13 03:16:41,2026-12-05 18:32:07,u
92445190,Gaby,Glendenning,gaby.glendenning@emailsim.io,+420966,1958-02-28,1,,2,2025-08-23 17:53:17,2025-09-11 14:28:43,web,2025-08-23 17:53:17,2027-07-21 15:20:41,u
92929688,Aldo,Copson,aldo.copson@emailsim.io,+165964,1975-03-03,0,0,2,2025-07-29 05:36:30,2025-09-02 19:34:56,web,2025-07-29 05:36:30,2028-05-01 17:25:06,u
93166502,Allyson,Triebner,allyson.triebner@emailsim.io,+824383,1976-09-24,0,0,2,2025-07-26 21:15:27,2025-09-02 00:10:21,inStore,2025-07-26 21:15:27,2028-05-27 23:07:26,u
93447828,Tania,Harsant,tania.harsant@emailsim.io,+370057,1969-08-30,1,0,1,2025-08-06 11:47:00,2025-09-05 15:50:34,inStore,2025-08-06 11:47:00,2028-01-30 10:51:51,u
94856834,Geoffrey,Garaghan,geoffrey.garaghan@emailsim.io,+335979,1994-02-03,0,1,2,2025-06-30 20:18:31,2025-08-24 00:54:45,web,2025-06-30 20:18:31,2029-03-14 22:46:27,u
94956887,Gordy,Glowacki,gordy.glowacki@emailsim.io,+593090,1997-09-10,0,1,3,2025-06-25 10:39:46,2025-08-22 04:15:24,web,2025-06-25 10:39:46,2029-05-14 07:31:58,u
95822312,Danna,Laybourne,danna.laybourne@emailsim.io,+347089,1966-10-31,1,1,2,2025-08-10 17:40:16,2025-09-07 02:56:14,inStore,2025-08-10 17:40:16,2027-12-14 00:17:29,u
96591367,Willis,Kimbrey,willis.kimbrey@emailsim.io,+785636,1949-04-04,1,,1,2025-09-06 02:20:44,2025-09-16 04:51:31,inStore,2025-09-06 02:20:44,2027-02-22 10:18:53,u
99749631,Ingmar,Marie,ingmar.marie@emailsim.io,+351596,1945-03-09,1,,3,2025-09-12 04:56:52,2025-09-18 07:21:17,inStore,2025-09-12 04:56:52,2026-12-16 04:04:16,u
99915811,Kayley,McLice,kayley.mclice@emailsim.io,+406967,1950-10-07,1,,1,2025-09-03 20:05:34,2025-09-15 10:10:17,web,2025-09-03 20:05:34,2027-03-19 16:34:34,u
