order_id,customer_id,order_date,order_status,last_order_status_update,payment_type,payment_currency_code,payment_transaction_id,email,shipping_method,shipping_destination,shipping_street_address,shipping_city,shipping_state,shipping_zip,billing_street_address,billing_city,billing_state,billing_zip,store_id,plan_id,store_address,store_city,store_state,store_zip,last_modified,_change_request_type,order_total,payment_amount
1,13495585,2025-07-15 22:35:20,shipped,2025-07-16 05:35:20,credit,USD,1,lorry.severn@emailsim.io,standard,home,1997 Spruce Street,Denver,CO,80223,1997 Spruce Street,Denver,CO,80223,5,,7 Tennyson Park,Houston,TX,77206,2025-07-16 05:35:20,u,1799.98,1799.98
2,13495585,2025-08-19 16:57:01,ready for pickup,2025-08-20 08:57:01,debit,USD,2,korey.aiston@emailsim.io,expedited,store,6 Twin Pines Circle,Arlington,GA,22234,4894 Terrace Avenue,Duluth,GA,30195,3,,6 Twin Pines Circle,Arlington,VA,22234,2025-08-20 08:57:01,u,5599.94,5599.94
3,37938260,2025-09-15 01:25:01,delivered,2025-09-16 00:25:01,credit,USD,3,erik.carous@emailsim.io,overnight,home,7090 Grant Street,South Lake Tahoe,CA,96154,7090 Grant Street,South Lake Tahoe,CA,96154,2,,475 Center Place,Atlanta,GA,30301,2025-09-16 00:25:01,u,4799.94,4799.94
4,37938260,2025-12-12 17:21:11,placed,2025-12-12 17:21:11,credit,USD,4,becca.pietruszewicz@emailsim.io,standard,store,7 Tennyson Park,Houston,MN,77206,14478 Country Club Drive,Maple Plain,MN,55579,5,,7 Tennyson Park,Houston,TX,77206,2025-12-12 17:21:11,u,15699.87,15699.87
5,67740571,2025-09-26 22:07:13,picked up,2025-09-28 20:07:13,credit,USD,5,georges.sabates@emailsim.io,,,8078 Green Street,Tucson,AZ,85748,8078 Green Street,Tucson,AZ,85748,4,,35901 Anniversary Parkway,Tulsa,OK,74116,2025-09-28 20:07:13,u,5099.94,5099.94
6,67740571,2025-09-22 20:57:49,cancelled,2025-09-23 22:57:49,credit,USD,6,lou.erricker@emailsim.io,overnight,store,475 Center Place,Atlanta,FL,30301,7741 Jackson Street,Ocala,FL,34479,2,,475 Center Place,Atlanta,GA,30301,2025-09-23 22:57:49,u,8599.92,8599.92
7,67740571,2025-11-28 06:35:27,cancelled,2025-11-29 07:35:27,credit,USD,7,max.filippone@emailsim.io,overnight,home,13274 Virginia Street,Fresno,CA,93778,13274 Virginia Street,Fresno,CA,93778,5,,7 Tennyson Park,Houston,TX,77206,2025-11-29 07:35:27,u,3799.95,3799.95
8,36124990,2025-10-07 12:46:54,delivered,2025-10-09 06:46:54,credit,USD,8,marybelle.delafoy@emailsim.io,standard,store,6 Twin Pines Circle,Arlington,FL,22234,8963 Hillside Avenue,Jacksonville,FL,32225,3,,6 Twin Pines Circle,Arlington,VA,22234,2025-10-09 06:46:54,u,5699.93,5699.93
9,36124990,2025-08-15 11:14:07,shipped,2025-08-16 16:14:07,cash,USD,9,ruby.lille@emailsim.io,expedited,home,4541 River Road,Louisville,KY,40287,4541 River Road,Louisville,KY,40287,4,,35901 Anniversary Parkway,Tulsa,OK,74116,2025-08-16 16:14:07,u,2599.97,2599.97
10,36124990,2025-10-27 23:37:49,picked up,2025-10-28 14:37:49,credit,USD,10,bald.chuck@emailsim.io,,,10667 Old Town Road,Naples,FL,34108,10667 Old Town Road,Naples,FL,34108,2,,475 Center Place,Atlanta,GA,30301,2025-10-28 14:37:49,u,7499.93,7499.93
11,36124990,2025-12-18 15:27:37,placed,2025-12-18 15:27:37,credit,USD,11,kirbee.size@emailsim.io,expedited,home,14971 Sycamore Street,Dayton,OH,45403,14971 Sycamore Street,Dayton,OH,45403,5,,7 Tennyson Park,Houston,TX,77206,2025-12-18 15:27:37,u,15399.86,15399.86
12,36124990,2025-08-30 00:54:02,ready for pickup,2025-08-31 10:54:02,credit,USD,12,max.filippone@emailsim.io,overnight,store,29 Milwaukee Place,Albany,TX,12227,5755 Vista Drive,El Paso,TX,88579,1,,29 Milwaukee Place,Albany,NY,12227,2025-08-31 10:54:02,u,9599.91,9599.91
13,28158994,2025-11-22 09:20:58,picked up,2025-11-24 08:20:58,credit,USD,13,tory.leonida@emailsim.io,,,12784 River Road,Chula Vista,CA,91913,12784 River Road,Chula Vista,CA,91913,2,,475 Center Place,Atlanta,GA,30301,2025-11-24 08:20:58,u,6399.93,6399.93
14,28158994,2025-07-28 01:35:30,cancelled,2025-07-28 20:35:30,credit,USD,14,danna.laybourne@emailsim.io,standard,store,7 Tennyson Park,Houston,KY,77206,3007 Circle Drive,Lexington,KY,40510,5,,7 Tennyson Park,Houston,TX,77206,2025-07-28 20:35:30,u,8899.91,8899.91
15,28158994,2025-10-12 18:44:04,shipped,2025-10-14 11:44:04,debit,USD,15,stuart.szwarc@emailsim.io,expedited,store,29 Milwaukee Place,Albany,VA,12227,9400 High Street,Vienna,VA,22184,1,,29 Milwaukee Place,Albany,NY,12227,2025-10-14 11:44:04,u,2299.97,2299.97
16,45749269,2025-07-05 16:27:20,ready for pickup,2025-07-06 02:27:20,credit,USD,16,lionel.linnett@emailsim.io,standard,home,1143 Arthur Street,Riverside,CA,92519,1143 Arthur Street,Riverside,CA,92519,2,,475 Center Place,Atlanta,GA,30301,2025-07-06 02:27:20,u,4799.93,4799.93
17,45749269,2025-10-14 12:40:21,delivered,2025-10-15 18:40:21,debit,USD,17,francis.husbands@emailsim.io,expedited,home,9546 Atlantic Avenue,Schaumburg,IL,60193,9546 Atlantic Avenue,Schaumburg,IL,60193,5,,7 Tennyson Park,Houston,TX,77206,2025-10-15 18:40:21,u,8799.91,8799.91
18,45749269,2025-11-01 17:06:08,placed,2025-11-01 17:06:08,credit,USD,18,amil.kender@emailsim.io,overnight,store,6 Twin Pines Circle,Arlington,MN,22234,11061 Victory Boulevard,Saint Paul,MN,55123,3,,6 Twin Pines Circle,Arlington,VA,22234,2025-11-01 17:06:08,u,10699.92,10699.92
19,23025956,2025-11-06 01:28:47,ready for pickup,2025-11-06 05:28:47,credit,USD,19,tessi.gerretsen@emailsim.io,overnight,home,11423 Union Street,Minneapolis,MN,55480,11423 Union Street,Minneapolis,MN,55480,1,,29 Milwaukee Place,Albany,NY,12227,2025-11-06 05:28:47,u,10199.92,10199.92
20,23025956,2025-09-08 07:14:25,delivered,2025-09-09 13:14:25,credit,USD,20,kippar.rexworthy@emailsim.io,standard,store,475 Center Place,Atlanta,IN,30301,6527 Hillside Avenue,Fort Wayne,IN,46896,2,,475 Center Place,Atlanta,GA,30301,2025-09-09 13:14:25,u,2699.97,2699.97
21,23025956,2025-07-06 06:17:35,picked up,2025-07-07 17:17:35,gift,USD,21,morry.chastey@emailsim.io,,,1191 Peachtree Street,Littleton,CO,80126,1191 Peachtree Street,Littleton,CO,80126,5,,7 Tennyson Park,Houston,TX,77206,2025-07-07 17:17:35,u,4599.94,4599.94
22,18927446,2025-09-30 21:02:47,cancelled,2025-10-02 09:02:47,credit,USD,22,margot.brabant@emailsim.io,expedited,home,8408 Meadow Lane,Toledo,OH,43666,8408 Meadow Lane,Toledo,OH,43666,4,,35901 Anniversary Parkway,Tulsa,OK,74116,2025-10-02 09:02:47,u,7799.91,7799.91
23,18927446,2025-11-10 15:51:31,shipped,2025-11-11 12:51:31,credit,USD,23,allyson.triebner@emailsim.io,overnight,home,11806 Jackson Street,Amarillo,TX,79188,11806 Jackson Street,Amarillo,TX,79188,3,,6 Twin Pines Circle,Arlington,VA,22234,2025-11-11 12:51:31,u,2199.97,2199.97
24,18927446,2025-07-14 16:19:48,placed,2025-07-14 16:19:48,debit,USD,24,si.kosiada@emailsim.io,standard,store,29 Milwaukee Place,Albany,IL,12227,1892 Atlantic Avenue,Chicago,IL,60614,1,,29 Milwaukee Place,Albany,NY,12227,2025-07-14 16:19:48,u,7299.94,7299.94
25,92445190,2025-08-25 01:06:37,cancelled,2025-08-25 05:06:37,credit,USD,25,tessi.gerretsen@emailsim.io,standard,home,5339 Countryside Lane,Cincinnati,OH,45264,5339 Countryside Lane,Cincinnati,OH,45264,3,,6 Twin Pines Circle,Arlington,VA,22234,2025-08-25 05:06:37,u,2999.96,2999.96
26,92445190,2025-10-10 04:29:47,shipped,2025-10-11 07:29:47,credit,USD,26,clim.borit@emailsim.io,expedited,store,475 Center Place,Atlanta,MA,30301,9184 Sierra Drive,Worcester,MA,01610,2,,475 Center Place,Atlanta,GA,30301,2025-10-11 07:29:47,u,3199.96,3199.96
27,13714356,2025-07-16 02:07:39,placed,2025-07-16 02:07:39,credit,USD,27,kaitlyn.bhatia@emailsim.io,overnight,home,2009 Hillside Avenue,Saint Louis,MO,63131,2009 Hillside Avenue,Saint Louis,MO,63131,5,,7 Tennyson Park,Houston,TX,77206,2025-07-16 02:07:39,u,4399.95,4399.95
28,13714356,2025-08-14 11:09:11,ready for pickup,2025-08-16 00:09:11,credit,USD,28,adan.fortin@emailsim.io,standard,store,6 Twin Pines Circle,Arlington,TX,22234,4457 California Street,Houston,TX,77075,3,,6 Twin Pines Circle,Arlington,VA,22234,2025-08-16 00:09:11,u,4699.95,4699.95
29,13714356,2025-09-08 07:06:24,delivered,2025-09-08 13:06:24,debit,USD,29,morry.chastey@emailsim.io,expedited,home,6526 Lincoln Avenue,Arlington,VA,22234,6526 Lincoln Avenue,Arlington,VA,22234,1,,29 Milwaukee Place,Albany,NY,12227,2025-09-08 13:06:24,u,9199.91,9199.91
30,13714356,2025-12-09 10:36:11,picked up,2025-12-10 03:36:11,debit,USD,30,baird.cossor@emailsim.io,,,14205 Pine Street,Dayton,OH,45432,14205 Pine Street,Dayton,OH,45432,4,,35901 Anniversary Parkway,Tulsa,OK,74116,2025-12-10 03:36:11,u,2299.97,2299.97
31,32364848,2025-12-18 11:44:50,cancelled,2025-12-19 16:44:50,credit,USD,31,courtnay.derr@emailsim.io,expedited,home,14959 El Camino Real,Atlanta,GA,30386,14959 El Camino Real,Atlanta,GA,30386,3,,6 Twin Pines Circle,Arlington,VA,22234,2025-12-19 16:44:50,u,6599.94,6599.94
32,32364848,2025-07-04 22:30:14,shipped,2025-07-05 05:30:14,cash,USD,32,gordy.glowacki@emailsim.io,overnight,store,29 Milwaukee Place,Albany,MA,12227,1080 Main Avenue,Worcester,MA,01654,1,,29 Milwaukee Place,Albany,NY,12227,2025-07-05 05:30:14,u,7299.93,7299.93
33,32364848,2025-07-31 01:20:52,ready for pickup,2025-07-31 15:20:52,credit,USD,33,ingmar.marie@emailsim.io,standard,home,3257 Walnut Street,Oakland,CA,94605,3257 Walnut Street,Oakland,CA,94605,4,,35901 Anniversary Parkway,Tulsa,OK,74116,2025-07-31 15:20:52,u,4799.95,4799.95
34,32364848,2025-11-21 17:43:45,delivered,2025-11-22 14:43:45,credit,USD,34,baird.cossor@emailsim.io,overnight,store,475 Center Place,Atlanta,CA,30301,12730 Pacific Avenue,Fresno,CA,93709,2,,475 Center Place,Atlanta,GA,30301,2025-11-22 14:43:45,u,11199.86,11199.86
35,32364848,2025-07-15 17:01:58,placed,2025-07-15 17:01:58,credit,USD,35,ann.marciek@emailsim.io,standard,store,7 Tennyson Park,Houston,IL,77206,1978 Creek Road,Chicago,IL,60681,5,,7 Tennyson Park,Houston,TX,77206,2025-07-15 17:01:58,u,11299.88,11299.88
36,00569524,2025-09-25 15:56:21,picked up,2025-09-27 12:56:21,credit,USD,36,ruby.lille@emailsim.io,,,7974 Pennsylvania Avenue,Columbia,SC,29220,7974 Pennsylvania Avenue,Columbia,SC,29220,3,,6 Twin Pines Circle,Arlington,VA,22234,2025-09-27 12:56:21,u,5099.93,5099.93
37,00569524,2025-11-19 06:45:48,delivered,2025-11-21 05:45:48,gift,USD,37,adan.fortin@emailsim.io,overnight,store,29 Milwaukee Place,Albany,MN,12227,12525 Oak Street,Minneapolis,MN,55402,1,,29 Milwaukee Place,Albany,NY,12227,2025-11-21 05:45:48,u,7999.92,7999.92
38,00569524,2025-12-14 23:36:49,placed,2025-12-14 23:36:49,debit,USD,38,tania.harsant@emailsim.io,standard,home,14666 Vine Street,San Francisco,CA,94126,14666 Vine Street,San Francisco,CA,94126,2,,475 Center Place,Atlanta,GA,30301,2025-12-14 23:36:49,u,9499.92,9499.92
39,00569524,2025-12-08 12:42:45,cancelled,2025-12-08 16:42:45,cash,USD,39,sarah.ocrigan@emailsim.io,expedited,home,14129 Clay Street,Washington,DC,20540,14129 Clay Street,Washington,DC,20540,5,,7 Tennyson Park,Houston,TX,77206,2025-12-08 16:42:45,u,3299.97,3299.97
40,56119723,2025-09-18 09:34:30,shipped,2025-09-18 20:34:30,gift,USD,40,marybelle.delafoy@emailsim.io,standard,store,475 Center Place,Atlanta,CA,30301,7368 Main Street,Sacramento,CA,95833,2,,475 Center Place,Atlanta,GA,30301,2025-09-18 20:34:30,u,5899.95,5899.95
41,56119723,2025-09-02 18:59:40,picked up,2025-09-04 10:59:40,credit,USD,41,bailey.habershaw@emailsim.io,,,6068 Commerce Street,Fort Worth,TX,76121,6068 Commerce Street,Fort Worth,TX,76121,5,,7 Tennyson Park,Houston,TX,77206,2025-09-04 10:59:40,u,6799.93,6799.93
42,56119723,2025-09-29 21:26:32,ready for pickup,2025-09-30 04:26:32,credit,USD,42,francis.husbands@emailsim.io,overnight,store,29 Milwaukee Place,Albany,FL,12227,8326 Broadway,Pinellas Park,FL,34665,1,,29 Milwaukee Place,Albany,NY,12227,2025-09-30 04:26:32,u,6299.92,6299.92
43,44873563,2025-11-05 20:26:38,picked up,2025-11-06 21:26:38,credit,USD,43,aldo.copson@emailsim.io,,,11406 Union Street,Springfield,IL,62764,11406 Union Street,Springfield,IL,62764,5,,7 Tennyson Park,Houston,TX,77206,2025-11-06 21:26:38,u,1599.98,1599.98
44,44873563,2025-09-10 11:40:10,ready for pickup,2025-09-12 03:40:10,debit,USD,44,marybelle.delafoy@emailsim.io,expedited,store,6 Twin Pines Circle,Arlington,NY,22234,6709 Franklin Street,Buffalo,NY,14220,3,,6 Twin Pines Circle,Arlington,VA,22234,2025-09-12 03:40:10,u,5799.93,5799.93
45,44873563,2025-12-15 22:31:07,placed,2025-12-15 22:31:07,credit,USD,45,bobbie.kemmish@emailsim.io,overnight,home,14746 Jackson Street,Nashville,TN,37205,14746 Jackson Street,Nashville,TN,37205,1,,29 Milwaukee Place,Albany,NY,12227,2025-12-15 22:31:07,u,6999.93,6999.93
46,44873563,2025-08-06 08:58:00,cancelled,2025-08-08 06:58:00,debit,USD,46,si.kosiada@emailsim.io,overnight,store,35901 Anniversary Parkway,Tulsa,CA,74116,3783 Creek Road,Stockton,CA,95219,4,,35901 Anniversary Parkway,Tulsa,OK,74116,2025-08-08 06:58:00,u,3599.95,3599.95
47,08610779,2025-10-18 09:49:42,delivered,2025-10-20 06:49:42,credit,USD,47,joey.leehane@emailsim.io,standard,home,9869 Jackson Street,Norcross,GA,30092,9869 Jackson Street,Norcross,GA,30092,2,,475 Center Place,Atlanta,GA,30301,2025-10-20 06:49:42,u,6399.96,6399.96
48,08610779,2025-12-09 14:29:36,shipped,2025-12-10 14:29:36,credit,USD,48,geoffrey.garaghan@emailsim.io,expedited,store,7 Tennyson Park,Houston,MN,77206,14218 Water Street,Young America,MN,55551,5,,7 Tennyson Park,Houston,TX,77206,2025-12-10 14:29:36,u,8299.92,8299.92
49,91566010,2025-07-30 05:14:30,ready for pickup,2025-07-31 01:14:30,credit,USD,49,basilius.herety@emailsim.io,overnight,home,3187 Poplar Street,Roanoke,VA,24004,3187 Poplar Street,Roanoke,VA,24004,1,,29 Milwaukee Place,Albany,NY,12227,2025-07-31 01:14:30,u,5999.93,5999.93
50,91566010,2025-08-16 02:14:36,cancelled,2025-08-17 05:14:36,credit,USD,50,lou.erricker@emailsim.io,standard,store,475 Center Place,Atlanta,TX,30301,4593 Park Avenue,Houston,TX,77250,2,,475 Center Place,Atlanta,GA,30301,2025-08-17 05:14:36,u,7699.93,7699.93
51,91566010,2025-06-28 11:02:36,delivered,2025-06-29 23:02:36,credit,USD,51,had.ygo@emailsim.io,expedited,home,540 Atlantic Avenue,Washington,DC,20397,540 Atlantic Avenue,Washington,DC,20397,5,,7 Tennyson Park,Houston,TX,77206,2025-06-29 23:02:36,u,6599.94,6599.94
52,13409372,2025-08-09 22:40:13,picked up,2025-08-10 20:40:13,credit,USD,52,fowler.seaborne@emailsim.io,,,4081 Henry Street,Evansville,IN,47737,4081 Henry Street,Evansville,IN,47737,5,,7 Tennyson Park,Houston,TX,77206,2025-08-10 20:40:13,u,6899.95,6899.95
53,13409372,2025-09-26 00:41:12,shipped,2025-09-27 23:41:12,credit,USD,53,doralin.latour@emailsim.io,overnight,home,8004 Canyon Road,Stamford,CT,06912,8004 Canyon Road,Stamford,CT,06912,1,,29 Milwaukee Place,Albany,NY,12227,2025-09-27 23:41:12,u,6999.93,6999.93
54,13409372,2025-12-15 16:27:07,placed,2025-12-15 16:27:07,debit,USD,54,clim.borit@emailsim.io,standard,store,6 Twin Pines Circle,Arlington,NE,22234,14725 Charles Street,Omaha,NE,68134,3,,6 Twin Pines Circle,Arlington,VA,22234,2025-12-15 16:27:07,u,699.99,699.99
55,13409372,2025-10-05 11:47:42,shipped,2025-10-05 23:47:42,credit,USD,55,loutitia.cornish@emailsim.io,expedited,home,8793 Lake Drive,Fort Worth,TX,76178,8793 Lake Drive,Fort Worth,TX,76178,2,,475 Center Place,Atlanta,GA,30301,2025-10-05 23:47:42,u,7499.94,7499.94
56,82123711,2025-10-16 07:58:37,ready for pickup,2025-10-17 14:58:37,credit,USD,56,morris.dietzler@emailsim.io,overnight,store,6 Twin Pines Circle,Arlington,FL,22234,9696 Hill Street,Lake Worth,FL,33462,3,,6 Twin Pines Circle,Arlington,VA,22234,2025-10-17 14:58:37,u,8499.91,8499.91
57,82123711,2025-07-17 22:57:28,delivered,2025-07-19 19:57:28,credit,USD,57,briana.bohan@emailsim.io,standard,home,2165 Central Avenue,Cincinnati,OH,45203,2165 Central Avenue,Cincinnati,OH,45203,1,,29 Milwaukee Place,Albany,NY,12227,2025-07-19 19:57:28,u,3599.96,3599.96
58,82123711,2025-11-25 06:11:41,placed,2025-11-25 06:11:41,credit,USD,58,tessi.gerretsen@emailsim.io,standard,store,35901 Anniversary Parkway,Tulsa,OH,74116,13023 Harrison Street,Cincinnati,OH,45213,4,,35901 Anniversary Parkway,Tulsa,OK,74116,2025-11-25 06:11:41,u,6699.94,6699.94
59,82123711,2025-12-02 23:27:05,picked up,2025-12-03 09:27:05,debit,USD,59,kippar.rexworthy@emailsim.io,,,13666 Sunset Drive,Moreno Valley,CA,92555,13666 Sunset Drive,Moreno Valley,CA,92555,2,,475 Center Place,Atlanta,GA,30301,2025-12-03 09:27:05,u,6599.93,6599.93
60,05604353,2025-08-05 11:41:09,cancelled,2025-08-06 02:41:09,debit,USD,60,morris.dietzler@emailsim.io,overnight,store,7 Tennyson Park,Houston,VA,77206,3709 Maple Avenue,Roanoke,VA,24014,5,,7 Tennyson Park,Houston,TX,77206,2025-08-06 02:41:09,u,8099.93,8099.93
61,05604353,2025-11-10 05:38:05,ready for pickup,2025-11-10 07:38:05,credit,USD,61,glyn.skiplorne@emailsim.io,overnight,home,11771 Grant Street,Visalia,CA,93291,11771 Grant Street,Visalia,CA,93291,4,,35901 Anniversary Parkway,Tulsa,OK,74116,2025-11-10 07:38:05,u,4299.95,4299.95
62,05604353,2025-09-18 23:26:43,delivered,2025-09-19 12:26:43,debit,USD,62,isobel.mckennan@emailsim.io,standard,store,29 Milwaukee Place,Albany,OR,12227,7416 Farm Road,Portland,OR,97232,1,,29 Milwaukee Place,Albany,NY,12227,2025-09-19 12:26:43,u,11599.88,11599.88
63,75880089,2025-09-19 00:59:35,placed,2025-09-19 00:59:35,credit,USD,63,genia.mattiuzzi@emailsim.io,expedited,home,7422 Hill Street,Albuquerque,NM,87180,7422 Hill Street,Albuquerque,NM,87180,5,,7 Tennyson Park,Houston,TX,77206,2025-09-19 00:59:35,u,4599.97,4599.97
64,75880089,2025-10-14 20:27:11,picked up,2025-10-15 22:27:11,credit,USD,64,jervis.bradane@emailsim.io,,,9573 Mill Street,Missoula,MT,59806,9573 Mill Street,Missoula,MT,59806,3,,6 Twin Pines Circle,Arlington,VA,22234,2025-10-15 22:27:11,u,9699.93,9699.93
65,54590181,2025-12-11 16:20:50,cancelled,2025-12-13 15:20:50,credit,USD,65,yale.plumridge@emailsim.io,expedited,home,14391 Court Street,Lakeland,FL,33805,14391 Court Street,Lakeland,FL,33805,1,,29 Milwaukee Place,Albany,NY,12227,2025-12-13 15:20:50,u,9599.9,9599.9
66,54590181,2025-07-28 14:37:44,shipped,2025-07-29 18:37:44,credit,USD,66,wainwright.colecrough@emailsim.io,overnight,store,35901 Anniversary Parkway,Tulsa,CA,74116,3053 Alameda Avenue,Glendale,CA,91205,4,,35901 Anniversary Parkway,Tulsa,OK,74116,2025-07-29 18:37:44,u,8099.94,8099.94
67,54590181,2025-09-15 15:04:32,ready for pickup,2025-09-16 22:04:32,credit,USD,67,marena.victor@emailsim.io,overnight,home,7137 Jackson Street,Oakland,CA,94660,7137 Jackson Street,Oakland,CA,94660,2,,475 Center Place,Atlanta,GA,30301,2025-09-16 22:04:32,u,6999.94,6999.94
68,11851333,2025-09-09 19:36:00,placed,2025-09-09 19:36:00,credit,USD,68,francis.husbands@emailsim.io,standard,store,7 Tennyson Park,Houston,TN,77206,6653 Kennedy Drive,Memphis,TN,38197,5,,7 Tennyson Park,Houston,TX,77206,2025-09-09 19:36:00,u,5199.94,5199.94
69,11851333,2025-09-29 22:06:38,cancelled,2025-09-30 05:06:38,credit,USD,69,kiele.pohling@emailsim.io,expedited,store,6 Twin Pines Circle,Arlington,TX,22234,8328 Buchanan Street,Austin,TX,78715,3,,6 Twin Pines Circle,Arlington,VA,22234,2025-09-30 05:06:38,u,3599.98,3599.98
70,11851333,2025-07-22 18:31:39,delivered,2025-07-24 11:31:39,credit,USD,70,caroline.borris@emailsim.io,standard,home,2566 Hillside Avenue,Milwaukee,WI,53263,2566 Hillside Avenue,Milwaukee,WI,53263,1,,29 Milwaukee Place,Albany,NY,12227,2025-07-24 11:31:39,u,1799.99,1799.99
71,11851333,2025-12-01 06:23:41,shipped,2025-12-03 01:23:41,credit,USD,71,nadeen.dracksford@emailsim.io,expedited,home,13523 Fairview Avenue,Dearborn,MI,48126,13523 Fairview Avenue,Dearborn,MI,48126,4,,35901 Anniversary Parkway,Tulsa,OK,74116,2025-12-03 01:23:41,u,3599.96,3599.96
72,11851333,2025-07-07 13:06:58,picked up,2025-07-08 01:06:58,cash,USD,72,morris.dietzler@emailsim.io,,,1298 Polk Street,Akron,OH,44393,1298 Polk Street,Akron,OH,44393,2,,475 Center Place,Atlanta,GA,30301,2025-07-08 01:06:58,u,8699.9,8699.9
73,07068709,2025-07-24 06:49:35,cancelled,2025-07-25 19:49:35,credit,USD,73,bernelle.fumagall@emailsim.io,standard,home,2692 Mill Street,Decatur,IL,62525,2692 Mill Street,Decatur,IL,62525,1,,29 Milwaukee Place,Albany,NY,12227,2025-07-25 19:49:35,u,7599.94,7599.94
74,07068709,2025-08-19 11:48:09,shipped,2025-08-20 11:48:09,credit,USD,74,tania.harsant@emailsim.io,expedited,store,475 Center Place,Atlanta,MN,30301,4876 West Street,Minneapolis,MN,55487,2,,475 Center Place,Atlanta,GA,30301,2025-08-20 11:48:09,u,2999.96,2999.96
75,04561737,2025-10-30 12:10:16,placed,2025-10-30 12:10:16,credit,USD,75,kaitlyn.bhatia@emailsim.io,overnight,home,10877 Mill Road,Houston,TX,77201,10877 Mill Road,Houston,TX,77201,5,,7 Tennyson Park,Houston,TX,77206,2025-10-30 12:10:16,u,2799.97,2799.97
76,04561737,2025-07-19 18:19:15,ready for pickup,2025-07-20 18:19:15,debit,USD,76,allyson.triebner@emailsim.io,standard,store,35901 Anniversary Parkway,Tulsa,IN,74116,2316 Martin Luther King Jr. Boulevard,Gary,IN,46406,4,,35901 Anniversary Parkway,Tulsa,OK,74116,2025-07-20 18:19:15,u,6399.94,6399.94
77,04561737,2025-09-09 01:34:49,delivered,2025-09-10 07:34:49,credit,USD,77,herminia.scryne@emailsim.io,expedited,store,29 Milwaukee Place,Albany,CA,12227,6591 South Street,Orange,CA,92668,1,,29 Milwaukee Place,Albany,NY,12227,2025-09-10 07:34:49,u,8199.94,8199.94
78,45770072,2025-08-17 09:26:10,picked up,2025-08-19 07:26:10,credit,USD,78,vite.brekonridge@emailsim.io,,,4701 State Street,Washington,DC,20260,4701 State Street,Washington,DC,20260,3,,6 Twin Pines Circle,Arlington,VA,22234,2025-08-19 07:26:10,u,11299.92,11299.92
79,45770072,2025-10-07 14:16:47,shipped,2025-10-08 00:16:47,credit,USD,79,minor.goodred@emailsim.io,standard,home,8968 Clay Street,San Jose,CA,95155,8968 Clay Street,San Jose,CA,95155,1,,29 Milwaukee Place,Albany,NY,12227,2025-10-08 00:16:47,u,1999.97,1999.97
80,45770072,2025-10-20 14:28:50,ready for pickup,2025-10-21 13:28:50,credit,USD,80,clim.borit@emailsim.io,expedited,store,35901 Anniversary Parkway,Tulsa,MI,74116,10052 Roosevelt Avenue,Grand Rapids,MI,49505,4,,35901 Anniversary Parkway,Tulsa,OK,74116,2025-10-21 13:28:50,u,4199.95,4199.95
81,93166502,2025-08-27 21:57:29,delivered,2025-08-28 18:57:29,credit,USD,81,kaitlyn.bhatia@emailsim.io,overnight,store,475 Center Place,Atlanta,CA,30301,5578 Birch Street,Los Angeles,CA,90071,2,,475 Center Place,Atlanta,GA,30301,2025-08-28 18:57:29,u,2999.96,2999.96
82,93166502,2025-08-06 11:31:53,placed,2025-08-06 11:31:53,debit,USD,82,briana.bohan@emailsim.io,overnight,home,3792 Highland Avenue,Rochester,NY,14624,3792 Highland Avenue,Rochester,NY,14624,5,,7 Tennyson Park,Houston,TX,77206,2025-08-06 11:31:53,u,5399.94,5399.94
83,86996448,2025-08-18 13:44:20,picked up,2025-08-19 16:44:20,gift,USD,83,glenden.hearnah@emailsim.io,,,4800 Peachtree Street,Charleston,WV,25321,4800 Peachtree Street,Charleston,WV,25321,2,,475 Center Place,Atlanta,GA,30301,2025-08-19 16:44:20,u,8399.9,8399.9
84,86996448,2025-10-19 21:10:11,cancelled,2025-10-20 06:10:11,credit,USD,84,sarah.ocrigan@emailsim.io,expedited,home,9992 First Street,Houston,TX,77085,9992 First Street,Houston,TX,77085,5,,7 Tennyson Park,Houston,TX,77206,2025-10-20 06:10:11,u,8599.94,8599.94
85,26522145,2025-09-11 09:22:44,cancelled,2025-09-13 04:22:44,credit,USD,85,tabina.buick@emailsim.io,overnight,home,6784 Country Club Drive,Birmingham,AL,35231,6784 Country Club Drive,Birmingham,AL,35231,5,,7 Tennyson Park,Houston,TX,77206,2025-09-13 04:22:44,u,6499.93,6499.93
86,26522145,2025-11-18 21:11:20,delivered,2025-11-19 02:11:20,credit,USD,86,willis.kimbrey@emailsim.io,standard,store,29 Milwaukee Place,Albany,TX,12227,12492 Main Avenue,San Antonio,TX,78265,1,,29 Milwaukee Place,Albany,NY,12227,2025-11-19 02:11:20,u,3799.96,3799.96
87,26522145,2025-09-03 19:04:43,shipped,2025-09-04 04:04:43,credit,USD,87,denver.buxsy@emailsim.io,expedited,home,6151 Canyon Road,San Antonio,TX,78245,6151 Canyon Road,San Antonio,TX,78245,3,,6 Twin Pines Circle,Arlington,VA,22234,2025-09-04 04:04:43,u,5399.94,5399.94
88,21657939,2025-11-21 15:53:14,picked up,2025-11-22 07:53:14,debit,USD,88,agna.woodrup@emailsim.io,,,12723 Spring Street,Midland,TX,79710,12723 Spring Street,Midland,TX,79710,1,,29 Milwaukee Place,Albany,NY,12227,2025-11-22 07:53:14,u,5399.94,5399.94
89,21657939,2025-07-06 08:02:33,placed,2025-07-06 08:02:33,credit,USD,89,allyson.triebner@emailsim.io,standard,home,1197 Adams Street,Paterson,NJ,07505,1197 Adams Street,Paterson,NJ,07505,3,,6 Twin Pines Circle,Arlington,VA,22234,2025-07-06 08:02:33,u,7399.93,7399.93
90,21657939,2025-07-01 02:45:26,ready for pickup,2025-07-02 13:45:26,credit,USD,90,maren.sirr@emailsim.io,expedited,store,475 Center Place,Atlanta,MA,30301,762 Eisenhower Drive,Springfield,MA,01152,2,,475 Center Place,Atlanta,GA,30301,2025-07-02 13:45:26,u,10199.92,10199.92
91,21657939,2025-09-27 13:12:10,placed,2025-09-27 13:12:10,credit,USD,91,glenden.hearnah@emailsim.io,standard,home,8131 Ann Street,Phoenix,AZ,85015,8131 Ann Street,Phoenix,AZ,85015,5,,7 Tennyson Park,Houston,TX,77206,2025-09-27 13:12:10,u,7899.93,7899.93
92,41900794,2025-10-10 16:18:36,cancelled,2025-10-11 00:18:36,credit,USD,92,becca.pietruszewicz@emailsim.io,expedited,store,29 Milwaukee Place,Albany,MO,12227,9225 Ohio Street,Saint Louis,MO,63110,1,,29 Milwaukee Place,Albany,NY,12227,2025-10-11 00:18:36,u,2299.97,2299.97
93,41900794,2025-12-12 01:41:10,delivered,2025-12-12 22:41:10,credit,USD,93,tiffani.androlli@emailsim.io,overnight,home,14424 Hillside Avenue,Dallas,TX,75397,14424 Hillside Avenue,Dallas,TX,75397,2,,475 Center Place,Atlanta,GA,30301,2025-12-12 22:41:10,u,4999.95,4999.95
94,21528794,2025-10-07 22:07:07,shipped,2025-10-08 13:07:07,credit,USD,94,maren.sirr@emailsim.io,overnight,store,7 Tennyson Park,Houston,MN,77206,8995 Mountain View Drive,Saint Paul,MN,55103,5,,7 Tennyson Park,Houston,TX,77206,2025-10-08 13:07:07,u,5899.92,5899.92
95,21528794,2025-08-10 20:48:12,picked up,2025-08-12 01:48:12,credit,USD,95,isobel.mckennan@emailsim.io,,,4157 MLK Boulevard,Los Angeles,CA,90025,4157 MLK Boulevard,Los Angeles,CA,90025,3,,6 Twin Pines Circle,Arlington,VA,22234,2025-08-12 01:48:12,u,6199.95,6199.95
96,21528794,2025-09-18 03:12:15,ready for pickup,2025-09-19 11:12:15,credit,USD,96,bernelle.fumagall@emailsim.io,expedited,home,7346 Georgia Street,Pittsburgh,PA,15230,7346 Georgia Street,Pittsburgh,PA,15230,1,,29 Milwaukee Place,Albany,NY,12227,2025-09-19 11:12:15,u,3699.96,3699.96
97,21528794,2025-09-23 00:11:19,shipped,2025-09-23 18:11:19,credit,USD,97,geoffrey.garaghan@emailsim.io,overnight,home,7752 Fourth Street,Shreveport,LA,71151,7752 Fourth Street,Shreveport,LA,71151,4,,35901 Anniversary Parkway,Tulsa,OK,74116,2025-09-23 18:11:19,u,3599.96,3599.96
98,23171531,2025-10-09 02:04:05,placed,2025-10-09 02:04:05,credit,USD,98,bailey.habershaw@emailsim.io,standard,store,7 Tennyson Park,Houston,NC,77206,9092 Canal Street,Fayetteville,NC,28314,5,,7 Tennyson Park,Houston,TX,77206,2025-10-09 02:04:05,u,11099.9,11099.9
99,23171531,2025-07-27 18:47:51,ready for pickup,2025-07-28 06:47:51,gift,USD,99,arny.cleworth@emailsim.io,expedited,home,2984 Garfield Street,San Diego,CA,92186,2984 Garfield Street,San Diego,CA,92186,1,,29 Milwaukee Place,Albany,NY,12227,2025-07-28 06:47:51,u,7199.92,7199.92
100,19749592,2025-07-24 10:22:37,cancelled,2025-07-25 02:22:37,credit,USD,100,ann.marciek@emailsim.io,overnight,store,29 Milwaukee Place,Albany,AK,12227,2705 Main Street,Anchorage,AK,99522,1,,29 Milwaukee Place,Albany,NY,12227,2025-07-25 02:22:37,u,9299.94,9299.94
101,19749592,2025-12-16 13:32:37,delivered,2025-12-17 21:32:37,credit,USD,101,tory.leonida@emailsim.io,standard,store,475 Center Place,Atlanta,MI,30301,14798 Maple Avenue,Lansing,MI,48912,2,,475 Center Place,Atlanta,GA,30301,2025-12-17 21:32:37,u,5699.94,5699.94
102,19749592,2025-11-03 08:30:54,picked up,2025-11-04 06:30:54,credit,USD,102,kakalina.stollberger@emailsim.io,,,11198 King Street,Sacramento,CA,95813,11198 King Street,Sacramento,CA,95813,5,,7 Tennyson Park,Houston,TX,77206,2025-11-04 06:30:54,u,7599.92,7599.92
103,09122357,2025-08-06 15:50:56,ready for pickup,2025-08-08 07:50:56,credit,USD,103,nadeen.dracksford@emailsim.io,expedited,store,35901 Anniversary Parkway,Tulsa,NY,74116,3807 Elm Street,Rochester,NY,14639,4,,35901 Anniversary Parkway,Tulsa,OK,74116,2025-08-08 07:50:56,u,7399.94,7399.94
104,09122357,2025-08-31 13:58:24,delivered,2025-09-01 09:58:24,debit,USD,104,tessi.gerretsen@emailsim.io,overnight,home,5884 Main Street,New York City,NY,10060,5884 Main Street,New York City,NY,10060,2,,475 Center Place,Atlanta,GA,30301,2025-09-01 09:58:24,u,10099.91,10099.91
105,09122357,2025-09-08 10:00:27,placed,2025-09-08 10:00:27,debit,USD,105,tabina.buick@emailsim.io,standard,home,6536 Front Street,Portsmouth,NH,03804,6536 Front Street,Portsmouth,NH,03804,5,,7 Tennyson Park,Houston,TX,77206,2025-09-08 10:00:27,u,11999.91,11999.91
106,09122357,2025-09-17 11:51:02,picked up,2025-09-19 03:51:02,cash,USD,106,lexie.silverman@emailsim.io,,,7293 Queen Street,Atlanta,GA,30351,7293 Queen Street,Atlanta,GA,30351,3,,6 Twin Pines Circle,Arlington,VA,22234,2025-09-19 03:51:02,u,8799.91,8799.91
107,09122357,2025-11-24 03:55:11,cancelled,2025-11-24 07:55:11,credit,USD,107,morris.dietzler@emailsim.io,standard,store,29 Milwaukee Place,Albany,LA,12227,12932 Hillside Avenue,New Orleans,LA,70149,1,,29 Milwaukee Place,Albany,NY,12227,2025-11-24 07:55:11,u,4099.95,4099.95
108,73864969,2025-11-05 13:44:26,shipped,2025-11-05 16:44:26,cash,USD,108,bald.chuck@emailsim.io,expedited,home,11382 Pierce Street,Kansas City,MO,64190,11382 Pierce Street,Kansas City,MO,64190,3,,6 Twin Pines Circle,Arlington,VA,22234,2025-11-05 16:44:26,u,6499.92,6499.92
109,73864969,2025-08-23 10:04:21,shipped,2025-08-24 12:04:21,gift,USD,109,marena.victor@emailsim.io,standard,home,5203 Vista Drive,Oklahoma City,OK,73173,5203 Vista Drive,Oklahoma City,OK,73173,1,,29 Milwaukee Place,Albany,NY,12227,2025-08-24 12:04:21,u,6899.91,6899.91
110,73864969,2025-09-21 21:35:19,picked up,2025-09-23 02:35:19,debit,USD,110,lionel.linnett@emailsim.io,,,7660 Valley View Drive,Flint,MI,48555,7660 Valley View Drive,Flint,MI,48555,2,,475 Center Place,Atlanta,GA,30301,2025-09-23 02:35:19,u,2799.98,2799.98
111,73864969,2025-10-23 17:21:58,placed,2025-10-23 17:21:58,cash,USD,111,kayley.mclice@emailsim.io,overnight,home,10312 Veterans Drive,Atlanta,GA,30306,10312 Veterans Drive,Atlanta,GA,30306,5,,7 Tennyson Park,Houston,TX,77206,2025-10-23 17:21:58,u,6199.94,6199.94
112,73864969,2025-08-31 05:09:53,ready for pickup,2025-09-02 03:09:53,credit,USD,112,tory.leonida@emailsim.io,overnight,store,35901 Anniversary Parkway,Tulsa,LA,74116,5853 Taft Avenue,New Orleans,LA,70142,4,,35901 Anniversary Parkway,Tulsa,OK,74116,2025-09-02 03:09:53,u,6799.92,6799.92
113,43587287,2025-06-30 23:55:25,cancelled,2025-07-02 04:55:25,credit,USD,113,bailey.habershaw@emailsim.io,standard,home,752 Summit Avenue,Topeka,KS,66629,752 Summit Avenue,Topeka,KS,66629,1,,29 Milwaukee Place,Albany,NY,12227,2025-07-02 04:55:25,u,4899.97,4899.97
114,43587287,2025-11-29 23:50:11,delivered,2025-11-30 13:50:11,credit,USD,114,kakalina.stollberger@emailsim.io,expedited,store,475 Center Place,Atlanta,SD,30301,13417 Canal Street,Sioux Falls,SD,57193,2,,475 Center Place,Atlanta,GA,30301,2025-11-30 13:50:11,u,5199.96,5199.96
115,43587287,2025-10-15 01:54:38,shipped,2025-10-16 01:54:38,cash,USD,115,morry.chastey@emailsim.io,expedited,store,7 Tennyson Park,Houston,MI,77206,9591 First Street,Detroit,MI,48258,5,,7 Tennyson Park,Houston,TX,77206,2025-10-16 01:54:38,u,5699.94,5699.94
116,43587287,2025-07-15 17:26:25,ready for pickup,2025-07-16 18:26:25,credit,USD,116,tiffani.androlli@emailsim.io,overnight,home,1979 Massachusetts Avenue,Riverside,CA,92513,1979 Massachusetts Avenue,Riverside,CA,92513,4,,35901 Anniversary Parkway,Tulsa,OK,74116,2025-07-16 18:26:25,u,9899.9,9899.9
117,15052369,2025-07-09 22:07:49,delivered,2025-07-11 03:07:49,credit,USD,117,joseito.longridge@emailsim.io,standard,home,1496 Constitution Avenue,Los Angeles,CA,90101,1496 Constitution Avenue,Los Angeles,CA,90101,3,,6 Twin Pines Circle,Arlington,VA,22234,2025-07-11 03:07:49,u,11799.91,11799.91
118,15052369,2025-11-04 00:52:56,placed,2025-11-04 00:52:56,credit,USD,118,clary.gillhespy@emailsim.io,standard,store,29 Milwaukee Place,Albany,PA,12227,11254 Park Avenue,Wilkes Barre,PA,18706,1,,29 Milwaukee Place,Albany,NY,12227,2025-11-04 00:52:56,u,9599.89,9599.89
119,15052369,2025-11-09 14:18:41,picked up,2025-11-10 00:18:41,credit,USD,119,bernelle.fumagall@emailsim.io,,,11718 Arthur Street,Rockford,IL,61105,11718 Arthur Street,Rockford,IL,61105,4,,35901 Anniversary Parkway,Tulsa,OK,74116,2025-11-10 00:18:41,u,4199.96,4199.96
120,82672855,2025-12-12 21:34:58,cancelled,2025-12-13 06:34:58,credit,USD,120,doralin.latour@emailsim.io,overnight,home,14493 East Street,Honolulu,HI,96810,14493 East Street,Honolulu,HI,96810,1,,29 Milwaukee Place,Albany,NY,12227,2025-12-13 06:34:58,u,5199.94,5199.94
121,82672855,2025-12-18 06:07:32,placed,2025-12-18 06:07:32,cash,USD,121,frieda.crotty@emailsim.io,expedited,home,14939 Depot Street,Atlanta,GA,31136,14939 Depot Street,Atlanta,GA,31136,2,,475 Center Place,Atlanta,GA,30301,2025-12-18 06:07:32,u,8199.92,8199.92
122,82672855,2025-07-23 11:19:07,picked up,2025-07-25 10:19:07,credit,USD,122,lou.erricker@emailsim.io,,,2625 Quarry Road,Rochester,NY,14683,2625 Quarry Road,Rochester,NY,14683,5,,7 Tennyson Park,Houston,TX,77206,2025-07-25 10:19:07,u,14399.91,14399.91
123,28561107,2025-10-04 14:56:42,cancelled,2025-10-06 02:56:42,credit,USD,123,max.filippone@emailsim.io,standard,home,8720 Valley View Drive,Fresno,CA,93726,8720 Valley View Drive,Fresno,CA,93726,1,,29 Milwaukee Place,Albany,NY,12227,2025-10-06 02:56:42,u,3699.95,3699.95
124,28561107,2025-10-14 19:46:14,shipped,2025-10-15 07:46:14,credit,USD,124,kiele.pohling@emailsim.io,expedited,store,35901 Anniversary Parkway,Tulsa,IL,74116,9570 Pierce Street,Champaign,IL,61825,4,,35901 Anniversary Parkway,Tulsa,OK,74116,2025-10-15 07:46:14,u,4899.96,4899.96
125,28561107,2025-10-09 19:47:13,ready for pickup,2025-10-10 14:47:13,credit,USD,125,carla.coker@emailsim.io,overnight,store,475 Center Place,Atlanta,TX,30301,9154 Chestnut Street,Amarillo,TX,79171,2,,475 Center Place,Atlanta,GA,30301,2025-10-10 14:47:13,u,1799.97,1799.97
126,78992285,2025-06-23 02:11:30,delivered,2025-06-23 23:11:30,credit,USD,126,fowler.seaborne@emailsim.io,standard,home,93 Bridge Street,Brooklyn,NY,11236,93 Bridge Street,Brooklyn,NY,11236,5,,7 Tennyson Park,Houston,TX,77206,2025-06-23 23:11:30,u,2799.97,2799.97
127,78992285,2025-07-24 13:27:20,shipped,2025-07-25 12:27:20,credit,USD,127,maren.sirr@emailsim.io,standard,home,2715 Hillside Avenue,Killeen,TX,76544,2715 Hillside Avenue,Killeen,TX,76544,1,,29 Milwaukee Place,Albany,NY,12227,2025-07-25 12:27:20,u,4399.96,4399.96
128,78992285,2025-07-04 20:22:58,ready for pickup,2025-07-06 13:22:58,credit,USD,128,genia.mattiuzzi@emailsim.io,expedited,store,6 Twin Pines Circle,Arlington,TX,22234,1073 Vista Drive,El Paso,TX,88530,3,,6 Twin Pines Circle,Arlington,VA,22234,2025-07-06 13:22:58,u,7199.93,7199.93
129,37064463,2025-07-12 06:29:54,delivered,2025-07-13 18:29:54,credit,USD,129,becca.pietruszewicz@emailsim.io,overnight,store,35901 Anniversary Parkway,Tulsa,NJ,74116,1691 Royal Street,Paterson,NJ,07522,4,,35901 Anniversary Parkway,Tulsa,OK,74116,2025-07-13 18:29:54,u,1999.98,1999.98
130,37064463,2025-08-29 20:36:03,placed,2025-08-29 20:36:03,credit,USD,130,edouard.hargitt@emailsim.io,standard,home,5740 Atlantic Avenue,Las Cruces,NM,88006,5740 Atlantic Avenue,Las Cruces,NM,88006,3,,6 Twin Pines Circle,Arlington,VA,22234,2025-08-29 20:36:03,u,8099.91,8099.91
131,37064463,2025-09-10 22:18:08,picked up,2025-09-11 15:18:08,credit,USD,131,isobel.mckennan@emailsim.io,,,6746 South Street,Columbus,OH,43210,6746 South Street,Columbus,OH,43210,1,,29 Milwaukee Place,Albany,NY,12227,2025-09-11 15:18:08,u,4499.95,4499.95
132,34080149,2025-06-27 09:15:35,cancelled,2025-06-28 09:15:35,debit,USD,132,geoffrey.garaghan@emailsim.io,overnight,home,451 West Street,Flushing,NY,11355,451 West Street,Flushing,NY,11355,2,,475 Center Place,Atlanta,GA,30301,2025-06-28 09:15:35,u,5299.94,5299.94
133,34080149,2025-12-12 22:44:11,placed,2025-12-12 22:44:11,debit,USD,133,tania.harsant@emailsim.io,standard,home,14497 Truman Road,Jamaica,NY,11470,14497 Truman Road,Jamaica,NY,11470,5,,7 Tennyson Park,Houston,TX,77206,2025-12-12 22:44:11,u,5099.95,5099.95
134,34080149,2025-08-17 13:52:16,cancelled,2025-08-18 22:52:16,credit,USD,134,arny.cleworth@emailsim.io,expedited,store,29 Milwaukee Place,Albany,VA,12227,4717 Spring Street,Virginia Beach,VA,23471,1,,29 Milwaukee Place,Albany,NY,12227,2025-08-18 22:52:16,u,4799.94,4799.94
135,34080149,2025-11-07 07:55:12,shipped,2025-11-08 02:55:12,credit,USD,135,jerry.pancost@emailsim.io,overnight,home,11529 Pearl Street,Boston,MA,02104,11529 Pearl Street,Boston,MA,02104,3,,6 Twin Pines Circle,Arlington,VA,22234,2025-11-08 02:55:12,u,2199.97,2199.97
136,81566803,2025-08-09 20:09:04,picked up,2025-08-09 23:09:04,credit,USD,136,lionel.linnett@emailsim.io,,,4072 Central Avenue,Washington,DC,20099,4072 Central Avenue,Washington,DC,20099,1,,29 Milwaukee Place,Albany,NY,12227,2025-08-09 23:09:04,u,5299.95,5299.95
137,81566803,2025-11-24 09:15:50,ready for pickup,2025-11-26 04:15:50,debit,USD,137,becca.pietruszewicz@emailsim.io,standard,home,12950 Sunrise Avenue,Madison,WI,53779,12950 Sunrise Avenue,Madison,WI,53779,3,,6 Twin Pines Circle,Arlington,VA,22234,2025-11-26 04:15:50,u,2999.97,2999.97
138,95822312,2025-08-08 08:10:50,delivered,2025-08-09 15:10:50,gift,USD,138,max.filippone@emailsim.io,expedited,store,7 Tennyson Park,Houston,VA,77206,3947 West Street,Roanoke,VA,24040,5,,7 Tennyson Park,Houston,TX,77206,2025-08-09 15:10:50,u,7399.92,7399.92
139,95822312,2025-07-26 19:40:15,delivered,2025-07-27 02:40:15,credit,USD,139,lek.carrigan@emailsim.io,standard,home,2904 Magnolia Avenue,Valdosta,GA,31605,2904 Magnolia Avenue,Valdosta,GA,31605,1,,29 Milwaukee Place,Albany,NY,12227,2025-07-27 02:40:15,u,8899.91,8899.91
140,95822312,2025-08-10 22:41:10,shipped,2025-08-11 03:41:10,credit,USD,140,stephenie.attenbrough@emailsim.io,expedited,store,6 Twin Pines Circle,Arlington,CA,22234,4164 Taft Avenue,Burbank,CA,91505,3,,6 Twin Pines Circle,Arlington,VA,22234,2025-08-11 03:41:10,u,10399.9,10399.9
141,07957145,2025-08-20 11:48:57,picked up,2025-08-21 23:48:57,debit,USD,141,glenden.hearnah@emailsim.io,,,4960 Beach Boulevard,Houston,TX,77040,4960 Beach Boulevard,Houston,TX,77040,1,,29 Milwaukee Place,Albany,NY,12227,2025-08-21 23:48:57,u,4599.95,4599.95
142,07957145,2025-11-08 04:24:02,placed,2025-11-08 04:24:02,credit,USD,142,adan.fortin@emailsim.io,expedited,store,475 Center Place,Atlanta,TX,30301,11600 Grand Avenue,Gatesville,TX,76598,2,,475 Center Place,Atlanta,GA,30301,2025-11-08 04:24:02,u,1799.97,1799.97
143,07957145,2025-07-20 19:11:49,ready for pickup,2025-07-22 08:11:49,credit,USD,143,edouard.hargitt@emailsim.io,overnight,home,2402 Camino Real,Harrisburg,PA,17126,2402 Camino Real,Harrisburg,PA,17126,5,,7 Tennyson Park,Houston,TX,77206,2025-07-22 08:11:49,u,6199.93,6199.93
144,07957145,2025-07-11 13:55:23,cancelled,2025-07-13 11:55:23,credit,USD,144,korey.aiston@emailsim.io,standard,store,35901 Anniversary Parkway,Tulsa,OH,74116,1634 Alameda Avenue,Akron,OH,44305,4,,35901 Anniversary Parkway,Tulsa,OK,74116,2025-07-13 11:55:23,u,6299.93,6299.93
145,07957145,2025-07-06 19:15:23,ready for pickup,2025-07-08 18:15:23,credit,USD,145,trescha.eversley@emailsim.io,overnight,store,6 Twin Pines Circle,Arlington,CA,22234,1236 Vista Drive,Los Angeles,CA,90081,3,,6 Twin Pines Circle,Arlington,VA,22234,2025-07-08 18:15:23,u,1399.98,1399.98
146,63483489,2025-10-03 09:13:31,delivered,2025-10-03 18:13:31,credit,USD,146,jervis.bradane@emailsim.io,standard,home,8617 Circle Drive,South Bend,IN,46620,8617 Circle Drive,South Bend,IN,46620,5,,7 Tennyson Park,Houston,TX,77206,2025-10-03 18:13:31,u,8799.93,8799.93
147,63483489,2025-10-24 13:06:54,placed,2025-10-24 13:06:54,debit,USD,147,morris.dietzler@emailsim.io,expedited,home,10380 William Street,Humble,TX,77346,10380 William Street,Humble,TX,77346,1,,29 Milwaukee Place,Albany,NY,12227,2025-10-24 13:06:54,u,6999.95,6999.95
148,63483489,2025-07-01 02:53:09,picked up,2025-07-02 06:53:09,cash,USD,148,lou.erricker@emailsim.io,,,762 Lakeview Avenue,Spokane,WA,99210,762 Lakeview Avenue,Spokane,WA,99210,3,,6 Twin Pines Circle,Arlington,VA,22234,2025-07-02 06:53:09,u,7999.93,7999.93
149,45379197,2025-09-15 00:15:52,cancelled,2025-09-16 06:15:52,credit,USD,149,clim.borit@emailsim.io,expedited,home,7086 School Street,Sacramento,CA,94245,7086 School Street,Sacramento,CA,94245,3,,6 Twin Pines Circle,Arlington,VA,22234,2025-09-16 06:15:52,u,2799.96,2799.96
150,45379197,2025-08-23 15:15:22,shipped,2025-08-24 20:15:22,credit,USD,150,marena.victor@emailsim.io,overnight,store,35901 Anniversary Parkway,Tulsa,DC,74116,5221 Main Avenue,Washington,DC,20299,4,,35901 Anniversary Parkway,Tulsa,OK,74116,2025-08-24 20:15:22,u,5799.94,5799.94
151,21973354,2025-09-24 04:45:04,cancelled,2025-09-24 05:45:04,credit,USD,151,danna.laybourne@emailsim.io,expedited,home,7851 Ocean Avenue,Durham,NC,27705,7851 Ocean Avenue,Durham,NC,27705,1,,29 Milwaukee Place,Albany,NY,12227,2025-09-24 05:45:04,u,6999.94,6999.94
152,21973354,2025-08-21 08:05:53,shipped,2025-08-21 17:05:53,credit,USD,152,korey.aiston@emailsim.io,overnight,store,35901 Anniversary Parkway,Tulsa,TX,74116,5030 Water Street,San Antonio,TX,78225,4,,35901 Anniversary Parkway,Tulsa,OK,74116,2025-08-21 17:05:53,u,6299.94,6299.94
153,21973354,2025-10-31 20:05:56,picked up,2025-11-01 00:05:56,credit,USD,153,sancho.zipsell@emailsim.io,,,10988 Heritage Lane,Miami,FL,33158,10988 Heritage Lane,Miami,FL,33158,2,,475 Center Place,Atlanta,GA,30301,2025-11-01 00:05:56,u,8599.92,8599.92
154,07265684,2025-09-21 18:32:34,ready for pickup,2025-09-22 00:32:34,credit,USD,154,erik.carous@emailsim.io,expedited,store,7 Tennyson Park,Houston,CA,77206,7649 Prince Street,Garden Grove,CA,92645,5,,7 Tennyson Park,Houston,TX,77206,2025-09-22 00:32:34,u,7099.92,7099.92
155,07265684,2025-11-25 00:23:04,delivered,2025-11-25 18:23:04,credit,USD,155,morry.chastey@emailsim.io,overnight,store,29 Milwaukee Place,Albany,VA,12227,13003 Mill Road,Charlottesville,VA,22903,1,,29 Milwaukee Place,Albany,NY,12227,2025-11-25 18:23:04,u,6799.94,6799.94
156,07265684,2025-11-29 19:55:19,placed,2025-11-29 19:55:19,credit,USD,156,tania.harsant@emailsim.io,standard,home,13404 Memorial Drive,San Antonio,TX,78291,13404 Memorial Drive,San Antonio,TX,78291,3,,6 Twin Pines Circle,Arlington,VA,22234,2025-11-29 19:55:19,u,6599.93,6599.93
157,70840926,2025-06-22 02:40:23,cancelled,2025-06-23 00:40:23,gift,USD,157,basilius.herety@emailsim.io,overnight,home,11 Michigan Avenue,Lancaster,PA,17622,11 Michigan Avenue,Lancaster,PA,17622,5,,7 Tennyson Park,Houston,TX,77206,2025-06-23 00:40:23,u,7199.93,7199.93
158,70840926,2025-07-07 14:01:50,delivered,2025-07-07 16:01:50,credit,USD,158,tiffani.androlli@emailsim.io,standard,store,35901 Anniversary Parkway,Tulsa,DC,74116,1301 First Street,Washington,DC,20380,4,,35901 Anniversary Parkway,Tulsa,OK,74116,2025-07-07 16:01:50,u,6599.94,6599.94
159,70840926,2025-11-21 00:03:58,shipped,2025-11-22 22:03:58,debit,USD,159,yale.plumridge@emailsim.io,expedited,store,6 Twin Pines Circle,Arlington,DE,22234,12668 McKinley Avenue,Wilmington,DE,19897,3,,6 Twin Pines Circle,Arlington,VA,22234,2025-11-22 22:03:58,u,9099.9,9099.9
160,06076531,2025-12-05 05:00:01,picked up,2025-12-05 20:00:01,credit,USD,160,abran.hindmoor@emailsim.io,,,13852 Green Street,Columbus,OH,43231,13852 Green Street,Columbus,OH,43231,4,,35901 Anniversary Parkway,Tulsa,OK,74116,2025-12-05 20:00:01,u,2399.97,2399.97
161,06076531,2025-10-03 03:56:33,placed,2025-10-03 03:56:33,credit,USD,161,baird.cossor@emailsim.io,overnight,home,8599 Arthur Street,Washington,DC,20557,8599 Arthur Street,Washington,DC,20557,5,,7 Tennyson Park,Houston,TX,77206,2025-10-03 03:56:33,u,2699.96,2699.96
162,06076531,2025-09-02 09:31:04,ready for pickup,2025-09-03 22:31:04,credit,USD,162,joey.leehane@emailsim.io,standard,store,29 Milwaukee Place,Albany,PA,12227,6035 Harrison Street,Philadelphia,PA,19178,1,,29 Milwaukee Place,Albany,NY,12227,2025-09-03 22:31:04,u,6199.93,6199.93
163,06076531,2025-09-21 04:27:21,shipped,2025-09-21 17:27:21,credit,USD,163,nadeen.dracksford@emailsim.io,overnight,home,7600 Golf Course Road,Reno,NV,89510,7600 Golf Course Road,Reno,NV,89510,3,,6 Twin Pines Circle,Arlington,VA,22234,2025-09-21 17:27:21,u,7199.94,7199.94
164,09172006,2025-12-04 07:22:54,placed,2025-12-04 07:22:54,credit,USD,164,ann.marciek@emailsim.io,standard,store,6 Twin Pines Circle,Arlington,IL,22234,13777 Virginia Street,Springfield,IL,62718,3,,6 Twin Pines Circle,Arlington,VA,22234,2025-12-04 07:22:54,u,10199.93,10199.93
165,09172006,2025-06-29 10:47:57,ready for pickup,2025-07-01 03:47:57,debit,USD,165,joseito.longridge@emailsim.io,expedited,home,623 Boulevard Drive,Detroit,MI,48224,623 Boulevard Drive,Detroit,MI,48224,1,,29 Milwaukee Place,Albany,NY,12227,2025-07-01 03:47:57,u,4099.95,4099.95
166,09172006,2025-07-20 08:35:38,delivered,2025-07-20 21:35:38,credit,USD,166,minor.goodred@emailsim.io,standard,store,35901 Anniversary Parkway,Tulsa,NM,74116,2365 MLK Boulevard,Santa Fe,NM,87592,4,,35901 Anniversary Parkway,Tulsa,OK,74116,2025-07-20 21:35:38,u,9199.91,9199.91
167,13667412,2025-11-25 14:03:50,picked up,2025-11-26 00:03:50,credit,USD,167,stuart.szwarc@emailsim.io,,,13050 Hillcrest Drive,Memphis,TN,38136,13050 Hillcrest Drive,Memphis,TN,38136,4,,35901 Anniversary Parkway,Tulsa,OK,74116,2025-11-26 00:03:50,u,6799.91,6799.91
168,13667412,2025-07-16 18:08:35,cancelled,2025-07-17 08:08:35,credit,USD,168,georges.sabates@emailsim.io,overnight,store,475 Center Place,Atlanta,NY,30301,2065 Fifth Street,Brooklyn,NY,11215,2,,475 Center Place,Atlanta,GA,30301,2025-07-17 08:08:35,u,2599.97,2599.97
169,13667412,2025-07-24 18:59:49,placed,2025-07-24 18:59:49,credit,USD,169,sigrid.kittless@emailsim.io,overnight,home,2735 Water Street,Knoxville,TN,37924,2735 Water Street,Knoxville,TN,37924,5,,7 Tennyson Park,Houston,TX,77206,2025-07-24 18:59:49,u,3399.95,3399.95
170,13667412,2025-07-12 15:40:05,ready for pickup,2025-07-13 07:40:05,cash,USD,170,aldo.copson@emailsim.io,standard,store,6 Twin Pines Circle,Arlington,FL,22234,1723 Mill Road,Port Saint Lucie,FL,34985,3,,6 Twin Pines Circle,Arlington,VA,22234,2025-07-13 07:40:05,u,6199.94,6199.94
171,48217959,2025-11-21 14:02:12,cancelled,2025-11-23 03:02:12,credit,USD,171,pail.belding@emailsim.io,expedited,home,12717 Boulevard Drive,Pittsburgh,PA,15250,12717 Boulevard Drive,Pittsburgh,PA,15250,4,,35901 Anniversary Parkway,Tulsa,OK,74116,2025-11-23 03:02:12,u,3899.95,3899.95
172,92929688,2025-10-04 08:30:30,delivered,2025-10-04 16:30:30,debit,USD,172,corabella.bernardy@emailsim.io,expedited,store,29 Milwaukee Place,Albany,KS,12227,8698 Buchanan Street,Shawnee Mission,KS,66276,1,,29 Milwaukee Place,Albany,NY,12227,2025-10-04 16:30:30,u,3899.97,3899.97
173,92929688,2025-07-27 05:58:27,shipped,2025-07-27 11:58:27,credit,USD,173,ruperta.hender@emailsim.io,overnight,store,35901 Anniversary Parkway,Tulsa,TN,74116,2939 Garden Street,Memphis,TN,38143,4,,35901 Anniversary Parkway,Tulsa,OK,74116,2025-07-27 11:58:27,u,9199.93,9199.93
174,92929688,2025-08-28 23:44:19,picked up,2025-08-29 03:44:19,credit,USD,174,lek.carrigan@emailsim.io,,,5668 Peachtree Street,Birmingham,AL,35244,5668 Peachtree Street,Birmingham,AL,35244,2,,475 Center Place,Atlanta,GA,30301,2025-08-29 03:44:19,u,3099.96,3099.96
175,92929688,2025-08-30 02:08:41,placed,2025-08-30 02:08:41,credit,USD,175,ingmar.marie@emailsim.io,overnight,store,7 Tennyson Park,Houston,DE,77206,5759 Commerce Street,Wilmington,DE,19892,5,,7 Tennyson Park,Houston,TX,77206,2025-08-30 02:08:41,u,8799.92,8799.92
176,57308791,2025-08-20 01:18:18,cancelled,2025-08-21 04:18:18,credit,USD,176,sancho.zipsell@emailsim.io,standard,home,4923 Broad Street,Dayton,OH,45419,4923 Broad Street,Dayton,OH,45419,1,,29 Milwaukee Place,Albany,NY,12227,2025-08-21 04:18:18,u,7599.9,7599.9
177,57308791,2025-07-06 07:30:05,shipped,2025-07-07 16:30:05,credit,USD,177,trescha.eversley@emailsim.io,expedited,home,1195 Division Street,Jamaica,NY,11431,1195 Division Street,Jamaica,NY,11431,4,,35901 Anniversary Parkway,Tulsa,OK,74116,2025-07-07 16:30:05,u,9599.92,9599.92
178,57308791,2025-10-28 02:05:18,picked up,2025-10-28 05:05:18,credit,USD,178,basilius.herety@emailsim.io,,,10675 Broad Street,Palm Bay,FL,32909,10675 Broad Street,Palm Bay,FL,32909,2,,475 Center Place,Atlanta,GA,30301,2025-10-28 05:05:18,u,2899.97,2899.97
179,57308791,2025-07-06 20:17:29,ready for pickup,2025-07-07 19:17:29,credit,USD,179,danna.laybourne@emailsim.io,overnight,store,7 Tennyson Park,Houston,WA,77206,1239 Grove Street,Spokane,WA,99215,5,,7 Tennyson Park,Houston,TX,77206,2025-07-07 19:17:29,u,4799.95,4799.95
180,52965769,2025-10-11 14:57:32,delivered,2025-10-12 07:57:32,credit,USD,180,genia.mattiuzzi@emailsim.io,standard,home,9303 Golf Course Road,Sacramento,CA,95828,9303 Golf Course Road,Sacramento,CA,95828,1,,29 Milwaukee Place,Albany,NY,12227,2025-10-12 07:57:32,u,4899.94,4899.94
181,52965769,2025-11-24 10:44:31,shipped,2025-11-25 11:44:31,credit,USD,181,jervis.bradane@emailsim.io,overnight,store,6 Twin Pines Circle,Arlington,VA,22234,12955 Lake Drive,Richmond,VA,23289,3,,6 Twin Pines Circle,Arlington,VA,22234,2025-11-25 11:44:31,u,7399.93,7399.93
182,05623518,2025-10-26 17:20:05,ready for pickup,2025-10-27 09:20:05,credit,USD,182,kakalina.stollberger@emailsim.io,standard,home,10562 Creek Road,Des Moines,IA,50393,10562 Creek Road,Des Moines,IA,50393,4,,35901 Anniversary Parkway,Tulsa,OK,74116,2025-10-27 09:20:05,u,2199.97,2199.97
183,05623518,2025-06-30 18:17:41,delivered,2025-07-02 05:17:41,credit,USD,183,adan.fortin@emailsim.io,expedited,home,732 Catherine Street,Muskegon,MI,49444,732 Catherine Street,Muskegon,MI,49444,3,,6 Twin Pines Circle,Arlington,VA,22234,2025-07-02 05:17:41,u,8499.9,8499.9
184,05623518,2025-12-18 15:53:45,placed,2025-12-18 15:53:45,credit,USD,184,fowler.seaborne@emailsim.io,overnight,store,29 Milwaukee Place,Albany,WA,12227,14973 Elm Street,Seattle,WA,98127,1,,29 Milwaukee Place,Albany,NY,12227,2025-12-18 15:53:45,u,5999.93,5999.93
185,30710284,2025-07-06 01:42:01,picked up,2025-07-07 01:42:01,credit,USD,185,herminia.scryne@emailsim.io,,,1175 Seashore Drive,Memphis,TN,38104,1175 Seashore Drive,Memphis,TN,38104,4,,35901 Anniversary Parkway,Tulsa,OK,74116,2025-07-07 01:42:01,u,12799.89,12799.89
186,30710284,2025-09-01 23:50:18,cancelled,2025-09-03 16:50:18,credit,USD,186,ruprecht.northam@emailsim.io,expedited,home,6001 Pearl Street,Tampa,FL,33661,6001 Pearl Street,Tampa,FL,33661,5,,7 Tennyson Park,Houston,TX,77206,2025-09-03 16:50:18,u,4399.94,4399.94
187,30710284,2025-09-27 05:17:45,shipped,2025-09-28 23:17:45,credit,USD,187,georges.sabates@emailsim.io,expedited,home,8103 Colonial Drive,El Paso,TX,79950,8103 Colonial Drive,El Paso,TX,79950,1,,29 Milwaukee Place,Albany,NY,12227,2025-09-28 23:17:45,u,5999.93,5999.93
188,70572058,2025-10-11 10:02:50,placed,2025-10-11 10:02:50,gift,USD,188,clary.gillhespy@emailsim.io,overnight,store,7 Tennyson Park,Houston,TX,77206,9286 River Road,Spring,TX,77388,5,,7 Tennyson Park,Houston,TX,77206,2025-10-11 10:02:50,u,12199.91,12199.91
189,70572058,2025-07-21 08:57:00,ready for pickup,2025-07-21 09:57:00,credit,USD,189,gaby.glendenning@emailsim.io,standard,home,2450 Meadow Lane,El Paso,TX,88546,2450 Meadow Lane,El Paso,TX,88546,4,,35901 Anniversary Parkway,Tulsa,OK,74116,2025-07-21 09:57:00,u,7199.92,7199.92
190,70572058,2025-11-07 04:05:15,delivered,2025-11-07 09:05:15,debit,USD,190,wainwright.colecrough@emailsim.io,standard,store,29 Milwaukee Place,Albany,MD,12227,11516 Walnut Street,Rockville,MD,20851,1,,29 Milwaukee Place,Albany,NY,12227,2025-11-07 09:05:15,u,6999.95,6999.95
191,68078421,2025-08-29 03:23:18,picked up,2025-08-30 19:23:18,debit,USD,191,morris.dietzler@emailsim.io,,,5680 River Road,Baltimore,MD,21275,5680 River Road,Baltimore,MD,21275,1,,29 Milwaukee Place,Albany,NY,12227,2025-08-30 19:23:18,u,5699.95,5699.95
192,68078421,2025-11-12 11:19:37,cancelled,2025-11-14 07:19:37,debit,USD,192,courtnay.derr@emailsim.io,overnight,store,475 Center Place,Atlanta,TX,30301,11957 Prairie Avenue,San Antonio,TX,78210,2,,475 Center Place,Atlanta,GA,30301,2025-11-14 07:19:37,u,7399.91,7399.91
193,68078421,2025-09-02 00:29:41,placed,2025-09-02 00:29:41,gift,USD,193,lexie.silverman@emailsim.io,expedited,home,6003 Heritage Lane,Pittsburgh,PA,15215,6003 Heritage Lane,Pittsburgh,PA,15215,5,,7 Tennyson Park,Houston,TX,77206,2025-09-02 00:29:41,u,3799.97,3799.97
194,93447828,2025-10-07 06:50:34,cancelled,2025-10-08 09:50:34,credit,USD,194,adan.fortin@emailsim.io,overnight,store,7 Tennyson Park,Houston,DC,77206,8942 Buchanan Street,Washington,DC,20310,5,,7 Tennyson Park,Houston,TX,77206,2025-10-08 09:50:34,u,8199.91,8199.91
195,93447828,2025-11-08 16:18:58,shipped,2025-11-09 11:18:58,credit,USD,195,wainwright.colecrough@emailsim.io,standard,store,29 Milwaukee Place,Albany,MO,12227,11641 Center Street,Kansas City,MO,64125,1,,29 Milwaukee Place,Albany,NY,12227,2025-11-09 11:18:58,u,7299.93,7299.93
196,93447828,2025-11-03 19:29:51,picked up,2025-11-04 19:29:51,gift,USD,196,marena.victor@emailsim.io,,,11236 Coolidge Avenue,Cleveland,OH,44177,11236 Coolidge Avenue,Cleveland,OH,44177,3,,6 Twin Pines Circle,Arlington,VA,22234,2025-11-04 19:29:51,u,7099.94,7099.94
197,93447828,2025-06-28 14:57:43,ready for pickup,2025-06-30 10:57:43,credit,USD,197,caroline.borris@emailsim.io,overnight,home,554 Cherry Street,Lexington,KY,40576,554 Cherry Street,Lexington,KY,40576,4,,35901 Anniversary Parkway,Tulsa,OK,74116,2025-06-30 10:57:43,u,9399.93,9399.93
198,93447828,2025-06-29 16:47:15,delivered,2025-06-29 18:47:15,credit,USD,198,myrtice.kenlin@emailsim.io,standard,store,475 Center Place,Atlanta,TX,30301,644 Lincoln Avenue,Austin,TX,78710,2,,475 Center Place,Atlanta,GA,30301,2025-06-29 18:47:15,u,4299.96,4299.96
199,11805239,2025-11-03 16:09:02,picked up,2025-11-04 00:09:02,credit,USD,199,wainwright.colecrough@emailsim.io,,,11224 Mill Street,Houston,TX,77095,11224 Mill Street,Houston,TX,77095,4,,35901 Anniversary Parkway,Tulsa,OK,74116,2025-11-04 00:09:02,u,5899.93,5899.93
200,11805239,2025-08-03 10:14:51,cancelled,2025-08-05 03:14:51,credit,USD,200,joseito.longridge@emailsim.io,standard,store,6 Twin Pines Circle,Arlington,FL,22234,3537 Canal Street,Fort Lauderdale,FL,33305,3,,6 Twin Pines Circle,Arlington,VA,22234,2025-08-05 03:14:51,u,4399.95,4399.95
201,47889676,2025-12-11 10:16:49,shipped,2025-12-11 17:16:49,credit,USD,201,kayley.mclice@emailsim.io,expedited,home,14370 Canyon Road,North Hollywood,CA,91616,14370 Canyon Road,North Hollywood,CA,91616,2,,475 Center Place,Atlanta,GA,30301,2025-12-11 17:16:49,u,2799.97,2799.97
202,47889676,2025-08-25 11:22:44,ready for pickup,2025-08-25 20:22:44,credit,USD,202,pail.belding@emailsim.io,overnight,store,7 Tennyson Park,Houston,TX,77206,5375 El Camino Real,Houston,TX,77030,5,,7 Tennyson Park,Houston,TX,77206,2025-08-25 20:22:44,u,7499.92,7499.92
203,47889676,2025-07-17 18:45:16,delivered,2025-07-18 00:45:16,credit,USD,203,ann.marciek@emailsim.io,standard,store,35901 Anniversary Parkway,Tulsa,CA,74116,2150 Oak Street,Pasadena,CA,91186,4,,35901 Anniversary Parkway,Tulsa,OK,74116,2025-07-18 00:45:16,u,6399.94,6399.94
204,74399540,2025-10-09 19:14:23,placed,2025-10-09 19:14:23,debit,USD,204,jerry.pancost@emailsim.io,expedited,home,9152 Seashore Drive,York,PA,17405,9152 Seashore Drive,York,PA,17405,5,,7 Tennyson Park,Houston,TX,77206,2025-10-09 19:14:23,u,14299.85,14299.85
205,74399540,2025-10-24 17:13:08,ready for pickup,2025-10-26 09:13:08,credit,USD,205,si.kosiada@emailsim.io,overnight,home,10395 Front Street,Oklahoma City,OK,73157,10395 Front Street,Oklahoma City,OK,73157,3,,6 Twin Pines Circle,Arlington,VA,22234,2025-10-26 09:13:08,u,11899.86,11899.86
206,74399540,2025-09-23 20:46:39,delivered,2025-09-25 00:46:39,credit,USD,206,edouard.hargitt@emailsim.io,standard,store,29 Milwaukee Place,Albany,PA,12227,7824 Liberty Street,Scranton,PA,18505,1,,29 Milwaukee Place,Albany,NY,12227,2025-09-25 00:46:39,u,8199.94,8199.94
207,26382359,2025-07-04 07:59:58,placed,2025-07-04 07:59:58,credit,USD,207,pail.belding@emailsim.io,expedited,home,1030 Cherry Street,New Orleans,LA,70160,1030 Cherry Street,New Orleans,LA,70160,5,,7 Tennyson Park,Houston,TX,77206,2025-07-04 07:59:58,u,4999.95,4999.95
208,26382359,2025-07-28 16:28:48,cancelled,2025-07-29 02:28:48,credit,USD,208,bobbie.kemmish@emailsim.io,standard,store,35901 Anniversary Parkway,Tulsa,FL,74116,3059 Summit Avenue,Daytona Beach,FL,32118,4,,35901 Anniversary Parkway,Tulsa,OK,74116,2025-07-29 02:28:48,u,8999.92,8999.92
209,26382359,2025-11-30 21:59:13,shipped,2025-12-01 15:59:13,credit,USD,209,corabella.bernardy@emailsim.io,expedited,store,6 Twin Pines Circle,Arlington,AK,22234,13494 Pennsylvania Avenue,Fairbanks,AK,99709,3,,6 Twin Pines Circle,Arlington,VA,22234,2025-12-01 15:59:13,u,10399.9,10399.9
210,76692648,2025-10-22 01:17:05,picked up,2025-10-22 20:17:05,debit,USD,210,sayres.hutchens@emailsim.io,,,10173 Clay Street,Seattle,WA,98121,10173 Clay Street,Seattle,WA,98121,2,,475 Center Place,Atlanta,GA,30301,2025-10-22 20:17:05,u,3799.97,3799.97
211,76692648,2025-12-04 20:43:58,placed,2025-12-04 20:43:58,credit,USD,211,korey.aiston@emailsim.io,overnight,store,7 Tennyson Park,Houston,OR,77206,13823 Boulevard Drive,Portland,OR,97296,5,,7 Tennyson Park,Houston,TX,77206,2025-12-04 20:43:58,u,6999.92,6999.92
212,76692648,2025-12-18 07:10:50,cancelled,2025-12-18 23:10:50,credit,USD,212,becca.pietruszewicz@emailsim.io,standard,home,14943 Garden Street,Fort Smith,AR,72916,14943 Garden Street,Fort Smith,AR,72916,3,,6 Twin Pines Circle,Arlington,VA,22234,2025-12-18 23:10:50,u,2999.96,2999.96
213,64982803,2025-10-23 18:22:53,delivered,2025-10-23 22:22:53,debit,USD,213,glenden.hearnah@emailsim.io,expedited,home,10315 Desert Road,New York City,NY,10045,10315 Desert Road,New York City,NY,10045,1,,29 Milwaukee Place,Albany,NY,12227,2025-10-23 22:22:53,u,2799.96,2799.96
214,64982803,2025-09-02 09:52:02,shipped,2025-09-03 19:52:02,credit,USD,214,alysa.sloper@emailsim.io,standard,store,475 Center Place,Atlanta,GA,30301,6036 Countryside Lane,Atlanta,GA,30392,2,,475 Center Place,Atlanta,GA,30301,2025-09-03 19:52:02,u,2499.97,2499.97
215,64982803,2025-09-08 16:47:47,picked up,2025-09-08 20:47:47,debit,USD,215,ashil.dibdall@emailsim.io,,,6560 Duke Street,Seattle,WA,98104,6560 Duke Street,Seattle,WA,98104,5,,7 Tennyson Park,Houston,TX,77206,2025-09-08 20:47:47,u,4799.96,4799.96
216,64982803,2025-11-25 04:51:41,ready for pickup,2025-11-26 10:51:41,credit,USD,216,doralin.latour@emailsim.io,overnight,store,35901 Anniversary Parkway,Tulsa,NC,74116,13018 Fairview Avenue,Asheville,NC,28805,4,,35901 Anniversary Parkway,Tulsa,OK,74116,2025-11-26 10:51:41,u,3899.96,3899.96
217,42452457,2025-08-03 19:29:57,ready for pickup,2025-08-05 12:29:57,gift,USD,217,had.ygo@emailsim.io,expedited,home,3570 Pierce Street,Inglewood,CA,90305,3570 Pierce Street,Inglewood,CA,90305,1,,29 Milwaukee Place,Albany,NY,12227,2025-08-05 12:29:57,u,3299.96,3299.96
218,34298403,2025-10-24 21:42:12,delivered,2025-10-26 07:42:12,credit,USD,218,si.kosiada@emailsim.io,overnight,store,7 Tennyson Park,Houston,CT,77206,10410 North Street,Waterbury,CT,06721,5,,7 Tennyson Park,Houston,TX,77206,2025-10-26 07:42:12,u,2199.97,2199.97
219,94856834,2025-10-01 14:21:16,placed,2025-10-01 14:21:16,debit,USD,219,fara.hurdman@emailsim.io,standard,store,7 Tennyson Park,Houston,NV,77206,8468 Summit Avenue,Henderson,NV,89012,5,,7 Tennyson Park,Houston,TX,77206,2025-10-01 14:21:16,u,3999.96,3999.96
220,94856834,2025-08-05 16:20:15,picked up,2025-08-05 19:20:15,credit,USD,220,maren.sirr@emailsim.io,,,3725 Johnson Street,Kansas City,MO,64114,3725 Johnson Street,Kansas City,MO,64114,1,,29 Milwaukee Place,Albany,NY,12227,2025-08-05 19:20:15,u,11799.91,11799.91
221,99749631,2025-08-02 17:53:31,cancelled,2025-08-04 16:53:31,debit,USD,221,roana.matokhnin@emailsim.io,standard,home,3481 Willow Street,Springfield,IL,62711,3481 Willow Street,Springfield,IL,62711,2,,475 Center Place,Atlanta,GA,30301,2025-08-04 16:53:31,u,6799.93,6799.93
222,99749631,2025-07-22 00:08:03,shipped,2025-07-22 04:08:03,credit,USD,222,loutitia.cornish@emailsim.io,expedited,store,7 Tennyson Park,Houston,NY,77206,2502 Roosevelt Avenue,Brooklyn,NY,11254,5,,7 Tennyson Park,Houston,TX,77206,2025-07-22 04:08:03,u,9199.91,9199.91
223,99749631,2025-09-16 04:20:12,delivered,2025-09-16 23:20:12,credit,USD,223,clara.poll@emailsim.io,overnight,home,7183 Village Lane,Louisville,KY,40215,7183 Village Lane,Louisville,KY,40215,4,,35901 Anniversary Parkway,Tulsa,OK,74116,2025-09-16 23:20:12,u,8699.93,8699.93
224,99749631,2025-09-27 15:43:30,placed,2025-09-27 15:43:30,credit,USD,224,sarah.ocrigan@emailsim.io,standard,store,6 Twin Pines Circle,Arlington,IL,22234,8140 McKinley Avenue,Peoria,IL,61629,3,,6 Twin Pines Circle,Arlington,VA,22234,2025-09-27 15:43:30,u,6699.93,6699.93
225,99915811,2025-08-09 12:37:45,cancelled,2025-08-10 14:37:45,credit,USD,225,marybelle.delafoy@emailsim.io,expedited,home,4046 South Street,Vancouver,WA,98687,4046 South Street,Vancouver,WA,98687,4,,35901 Anniversary Parkway,Tulsa,OK,74116,2025-08-10 14:37:45,u,12199.92,12199.92
226,99915811,2025-07-10 21:24:59,shipped,2025-07-12 03:24:59,credit,USD,226,kaitlyn.bhatia@emailsim.io,overnight,store,475 Center Place,Atlanta,LA,30301,1576 Atlantic Avenue,Alexandria,LA,71307,2,,475 Center Place,Atlanta,GA,30301,2025-07-12 03:24:59,u,9399.93,9399.93
227,64795609,2025-10-21 18:14:34,picked up,2025-10-22 02:14:34,credit,USD,227,kakalina.stollberger@emailsim.io,,,10148 South Street,New Orleans,LA,70174,10148 South Street,New Orleans,LA,70174,4,,35901 Anniversary Parkway,Tulsa,OK,74116,2025-10-22 02:14:34,u,4199.96,4199.96
228,64795609,2025-09-28 03:30:58,ready for pickup,2025-09-29 16:30:58,credit,USD,228,herminia.scryne@emailsim.io,expedited,store,6 Twin Pines Circle,Arlington,FL,22234,8180 Prairie Avenue,Miami,FL,33147,3,,6 Twin Pines Circle,Arlington,VA,22234,2025-09-29 16:30:58,u,2499.97,2499.97
229,64795609,2025-11-02 06:24:30,delivered,2025-11-03 00:24:30,credit,USD,229,caroline.borris@emailsim.io,standard,store,29 Milwaukee Place,Albany,MI,12227,11107 Massachusetts Avenue,Lansing,MI,48919,1,,29 Milwaukee Place,Albany,NY,12227,2025-11-03 00:24:30,u,4599.97,4599.97
230,22476301,2025-12-11 23:58:00,placed,2025-12-11 23:58:00,credit,USD,230,tessi.gerretsen@emailsim.io,expedited,home,14418 Grant Street,San Francisco,CA,94110,14418 Grant Street,San Francisco,CA,94110,1,,29 Milwaukee Place,Albany,NY,12227,2025-12-11 23:58:00,u,4899.97,4899.97
231,22476301,2025-08-31 01:13:14,picked up,2025-09-01 15:13:14,credit,USD,231,danna.laybourne@emailsim.io,,,5839 Cedar Street,Seattle,WA,98109,5839 Cedar Street,Seattle,WA,98109,4,,35901 Anniversary Parkway,Tulsa,OK,74116,2025-09-01 15:13:14,u,4599.95,4599.95
232,96591367,2025-12-13 13:20:09,cancelled,2025-12-14 08:20:09,cash,USD,232,basilius.herety@emailsim.io,expedited,store,29 Milwaukee Place,Albany,CA,12227,14547 Eisenhower Drive,Los Angeles,CA,90040,1,,29 Milwaukee Place,Albany,NY,12227,2025-12-14 08:20:09,u,4799.94,4799.94
233,96591367,2025-09-10 03:19:28,shipped,2025-09-11 08:19:28,cash,USD,233,edouard.hargitt@emailsim.io,overnight,store,35901 Anniversary Parkway,Tulsa,TX,74116,6680 Mesa Drive,Houston,TX,77288,4,,35901 Anniversary Parkway,Tulsa,OK,74116,2025-09-11 08:19:28,u,8599.92,8599.92
234,96591367,2025-07-15 18:47:24,ready for pickup,2025-07-17 07:47:24,credit,USD,234,lorry.severn@emailsim.io,standard,home,1984 Water Street,Tacoma,WA,98481,1984 Water Street,Tacoma,WA,98481,2,,475 Center Place,Atlanta,GA,30301,2025-07-17 07:47:24,u,2699.97,2699.97
235,96591367,2025-12-09 21:52:52,shipped,2025-12-11 09:52:52,credit,USD,235,arny.cleworth@emailsim.io,standard,home,14244 Farm Road,Hagerstown,MD,21747,14244 Farm Road,Hagerstown,MD,21747,5,,7 Tennyson Park,Houston,TX,77206,2025-12-11 09:52:52,u,1399.98,1399.98
236,53237193,2025-06-24 16:34:52,placed,2025-06-24 16:34:52,credit,USD,236,jessie.mcleod@emailsim.io,expedited,store,7 Tennyson Park,Houston,MS,77206,226 Madison Avenue,Meridian,MS,39305,5,,7 Tennyson Park,Houston,TX,77206,2025-06-24 16:34:52,u,9199.92,9199.92
237,53237193,2025-07-07 18:59:31,ready for pickup,2025-07-07 20:59:31,credit,USD,237,briana.bohan@emailsim.io,overnight,home,1318 Ridge Road,White Plains,NY,10606,1318 Ridge Road,White Plains,NY,10606,3,,6 Twin Pines Circle,Arlington,VA,22234,2025-07-07 20:59:31,u,3999.95,3999.95
238,53237193,2025-10-30 15:13:13,delivered,2025-10-30 18:13:13,gift,USD,238,carey.weekly@emailsim.io,expedited,store,29 Milwaukee Place,Albany,CA,12227,10888 Maple Avenue,Alhambra,CA,91841,1,,29 Milwaukee Place,Albany,NY,12227,2025-10-30 18:13:13,u,5299.94,5299.94
239,80605941,2025-12-04 02:45:09,picked up,2025-12-05 14:45:09,credit,USD,239,clara.poll@emailsim.io,,,13761 High Street,Phoenix,AZ,85062,13761 High Street,Phoenix,AZ,85062,4,,35901 Anniversary Parkway,Tulsa,OK,74116,2025-12-05 14:45:09,u,15299.88,15299.88
240,80605941,2025-09-17 19:01:00,cancelled,2025-09-18 07:01:00,credit,USD,240,dov.tumulty@emailsim.io,standard,store,29 Milwaukee Place,Albany,FL,12227,7318 Highland Avenue,Panama City,FL,32405,1,,29 Milwaukee Place,Albany,NY,12227,2025-09-18 07:01:00,u,9399.9,9399.9
241,80605941,2025-08-14 22:26:40,picked up,2025-08-16 20:26:40,credit,USD,241,herminia.scryne@emailsim.io,,,4496 Terrace Avenue,Warren,OH,44485,4496 Terrace Avenue,Warren,OH,44485,3,,6 Twin Pines Circle,Arlington,VA,22234,2025-08-16 20:26:40,u,6899.91,6899.91
242,35360377,2025-07-23 02:13:05,ready for pickup,2025-07-23 19:13:05,cash,USD,242,had.ygo@emailsim.io,standard,store,29 Milwaukee Place,Albany,DC,12227,2593 Bridge Street,Washington,DC,20591,1,,29 Milwaukee Place,Albany,NY,12227,2025-07-23 19:13:05,u,5599.96,5599.96
243,35360377,2025-09-27 01:42:50,delivered,2025-09-27 08:42:50,credit,USD,243,ruperta.hender@emailsim.io,expedited,store,475 Center Place,Atlanta,NV,30301,8091 Forest Avenue,North Las Vegas,NV,89087,2,,475 Center Place,Atlanta,GA,30301,2025-09-27 08:42:50,u,6999.94,6999.94
244,77996530,2025-08-03 09:13:46,placed,2025-08-03 09:13:46,credit,USD,244,berny.chiverstone@emailsim.io,standard,home,3534 Pierce Street,Phoenix,AZ,85083,3534 Pierce Street,Phoenix,AZ,85083,5,,7 Tennyson Park,Houston,TX,77206,2025-08-03 09:13:46,u,4399.95,4399.95
245,77996530,2025-11-27 21:39:08,cancelled,2025-11-29 02:39:08,debit,USD,245,clim.borit@emailsim.io,expedited,store,35901 Anniversary Parkway,Tulsa,MI,74116,13243 Polk Street,Detroit,MI,48211,4,,35901 Anniversary Parkway,Tulsa,OK,74116,2025-11-29 02:39:08,u,10399.9,10399.9
246,74737868,2025-11-07 20:52:58,shipped,2025-11-09 05:52:58,debit,USD,246,geoffrey.garaghan@emailsim.io,overnight,home,11574 Vista Drive,Riverside,CA,92505,11574 Vista Drive,Riverside,CA,92505,1,,29 Milwaukee Place,Albany,NY,12227,2025-11-09 05:52:58,u,1799.98,1799.98
247,74737868,2025-12-15 18:48:13,cancelled,2025-12-16 19:48:13,credit,USD,247,trescha.eversley@emailsim.io,standard,home,14733 Polk Street,El Paso,TX,79923,14733 Polk Street,El Paso,TX,79923,4,,35901 Anniversary Parkway,Tulsa,OK,74116,2025-12-16 19:48:13,u,5899.94,5899.94
248,74737868,2025-09-14 07:24:06,shipped,2025-09-14 11:24:06,credit,USD,248,becca.pietruszewicz@emailsim.io,expedited,store,475 Center Place,Atlanta,AL,30301,7027 Lake Drive,Anniston,AL,36205,2,,475 Center Place,Atlanta,GA,30301,2025-09-14 11:24:06,u,5399.95,5399.95
249,84253791,2025-08-02 21:07:00,placed,2025-08-02 21:07:00,credit,USD,249,fara.hurdman@emailsim.io,overnight,home,3492 School Street,Monticello,MN,55590,3492 School Street,Monticello,MN,55590,2,,475 Center Place,Atlanta,GA,30301,2025-08-02 21:07:00,u,3999.96,3999.96
250,84253791,2025-08-15 19:41:26,ready for pickup,2025-08-16 05:41:26,credit,USD,250,stephenie.attenbrough@emailsim.io,overnight,store,7 Tennyson Park,Houston,CA,77206,4570 Desert Road,Glendale,CA,91210,5,,7 Tennyson Park,Houston,TX,77206,2025-08-16 05:41:26,u,799.99,799.99
251,84253791,2025-07-15 19:46:09,delivered,2025-07-17 14:46:09,credit,USD,251,geoffrey.garaghan@emailsim.io,standard,home,1987 Cedar Street,Brooklyn,NY,11220,1987 Cedar Street,Brooklyn,NY,11220,4,,35901 Anniversary Parkway,Tulsa,OK,74116,2025-07-17 14:46:09,u,13499.9,13499.9
252,53272032,2025-11-02 23:58:50,picked up,2025-11-04 07:58:50,credit,USD,252,caroline.borris@emailsim.io,,,11168 McKinley Avenue,Spokane,WA,99260,11168 McKinley Avenue,Spokane,WA,99260,2,,475 Center Place,Atlanta,GA,30301,2025-11-04 07:58:50,u,9099.91,9099.91
253,53272032,2025-07-20 11:43:34,placed,2025-07-20 11:43:34,credit,USD,253,corabella.bernardy@emailsim.io,standard,store,7 Tennyson Park,Houston,LA,77206,2376 Catherine Street,Shreveport,LA,71161,5,,7 Tennyson Park,Houston,TX,77206,2025-07-20 11:43:34,u,3999.95,3999.95
254,53272032,2025-09-22 10:44:26,ready for pickup,2025-09-24 06:44:26,credit,USD,254,marena.victor@emailsim.io,expedited,home,7706 Arthur Street,Albuquerque,NM,87140,7706 Arthur Street,Albuquerque,NM,87140,4,,35901 Anniversary Parkway,Tulsa,OK,74116,2025-09-24 06:44:26,u,14399.88,14399.88
255,53272032,2025-08-21 04:26:15,cancelled,2025-08-23 03:26:15,credit,USD,255,si.kosiada@emailsim.io,overnight,store,6 Twin Pines Circle,Arlington,HI,22234,5017 Central Street,Honolulu,HI,96850,3,,6 Twin Pines Circle,Arlington,VA,22234,2025-08-23 03:26:15,u,4799.96,4799.96
256,56520410,2025-07-26 15:44:21,delivered,2025-07-28 00:44:21,debit,USD,256,tania.harsant@emailsim.io,standard,home,2890 Mary Street,San Luis Obispo,CA,93407,2890 Mary Street,San Luis Obispo,CA,93407,1,,29 Milwaukee Place,Albany,NY,12227,2025-07-28 00:44:21,u,13399.89,13399.89
257,56520410,2025-07-25 15:50:23,picked up,2025-07-26 10:50:23,credit,USD,257,dov.tumulty@emailsim.io,,,2807 John Street,Lake Charles,LA,70616,2807 John Street,Lake Charles,LA,70616,2,,475 Center Place,Atlanta,GA,30301,2025-07-26 10:50:23,u,1799.98,1799.98
258,56520410,2025-12-14 01:19:01,shipped,2025-12-14 22:19:01,gift,USD,258,joey.leehane@emailsim.io,overnight,store,7 Tennyson Park,Houston,ID,77206,14589 Cedar Street,Boise,ID,83757,5,,7 Tennyson Park,Houston,TX,77206,2025-12-14 22:19:01,u,2999.96,2999.96
259,13098314,2025-11-02 13:12:54,shipped,2025-11-04 06:12:54,credit,USD,259,clara.poll@emailsim.io,expedited,home,11131 Henry Street,Norfolk,VA,23520,11131 Henry Street,Norfolk,VA,23520,2,,475 Center Place,Atlanta,GA,30301,2025-11-04 06:12:54,u,13199.89,13199.89
260,13098314,2025-09-07 15:41:20,placed,2025-09-07 15:41:20,credit,USD,260,sarah.ocrigan@emailsim.io,overnight,store,7 Tennyson Park,Houston,CO,77206,6473 Monroe Street,Aurora,CO,80044,5,,7 Tennyson Park,Houston,TX,77206,2025-09-07 15:41:20,u,7299.93,7299.93
261,13098314,2025-12-15 00:37:04,ready for pickup,2025-12-15 12:37:04,credit,USD,261,amil.kender@emailsim.io,standard,home,14670 Central Street,Austin,TX,78759,14670 Central Street,Austin,TX,78759,4,,35901 Anniversary Parkway,Tulsa,OK,74116,2025-12-15 12:37:04,u,2699.97,2699.97
262,13098314,2025-09-24 14:25:52,cancelled,2025-09-25 23:25:52,credit,USD,262,kirbee.size@emailsim.io,expedited,store,6 Twin Pines Circle,Arlington,NY,22234,7885 Clay Street,New York City,NY,10160,3,,6 Twin Pines Circle,Arlington,VA,22234,2025-09-25 23:25:52,u,5799.94,5799.94
263,54737661,2025-12-18 09:47:03,delivered,2025-12-19 12:47:03,credit,USD,263,ruperta.hender@emailsim.io,overnight,home,14952 River Road,Houston,TX,77025,14952 River Road,Houston,TX,77025,1,,29 Milwaukee Place,Albany,NY,12227,2025-12-19 12:47:03,u,4799.95,4799.95
264,54737661,2025-08-02 23:51:58,picked up,2025-08-03 11:51:58,credit,USD,264,amil.kender@emailsim.io,,,3501 Roosevelt Avenue,Colorado Springs,CO,80920,3501 Roosevelt Avenue,Colorado Springs,CO,80920,3,,6 Twin Pines Circle,Arlington,VA,22234,2025-08-03 11:51:58,u,6699.94,6699.94
265,49033802,2025-07-05 18:35:12,placed,2025-07-05 18:35:12,debit,USD,265,clara.poll@emailsim.io,overnight,home,1150 California Street,Augusta,GA,30905,1150 California Street,Augusta,GA,30905,3,,6 Twin Pines Circle,Arlington,VA,22234,2025-07-05 18:35:12,u,7399.92,7399.92
266,49033802,2025-12-03 17:16:43,cancelled,2025-12-04 04:16:43,cash,USD,266,danna.laybourne@emailsim.io,standard,store,29 Milwaukee Place,Albany,TN,12227,13728 Harrison Street,Memphis,TN,38109,1,,29 Milwaukee Place,Albany,NY,12227,2025-12-04 04:16:43,u,6699.95,6699.95
267,50581674,2025-07-23 01:11:31,delivered,2025-07-23 09:11:31,credit,USD,267,ruperta.hender@emailsim.io,expedited,home,2589 Cleveland Street,Indianapolis,IN,46202,2589 Cleveland Street,Indianapolis,IN,46202,1,,29 Milwaukee Place,Albany,NY,12227,2025-07-23 09:11:31,u,1199.98,1199.98
268,50581674,2025-08-01 07:01:43,shipped,2025-08-02 06:01:43,credit,USD,268,kiele.pohling@emailsim.io,expedited,store,35901 Anniversary Parkway,Tulsa,MI,74116,3360 Grant Street,Detroit,MI,48217,4,,35901 Anniversary Parkway,Tulsa,OK,74116,2025-08-02 06:01:43,u,5099.94,5099.94
269,50581674,2025-08-12 22:34:32,picked up,2025-08-14 00:34:32,cash,USD,269,stephenie.attenbrough@emailsim.io,,,4330 East Street,Colorado Springs,CO,80940,4330 East Street,Colorado Springs,CO,80940,2,,475 Center Place,Atlanta,GA,30301,2025-08-14 00:34:32,u,5299.94,5299.94
270,62001453,2025-08-27 12:44:00,ready for pickup,2025-08-28 01:44:00,credit,USD,270,erik.carous@emailsim.io,standard,home,5546 Canyon Road,Huntington,WV,25770,5546 Canyon Road,Huntington,WV,25770,4,,35901 Anniversary Parkway,Tulsa,OK,74116,2025-08-28 01:44:00,u,3799.96,3799.96
271,62001453,2025-09-26 05:10:01,shipped,2025-09-26 10:10:01,credit,USD,271,dov.tumulty@emailsim.io,expedited,home,8020 Buchanan Street,Schenectady,NY,12305,8020 Buchanan Street,Schenectady,NY,12305,2,,475 Center Place,Atlanta,GA,30301,2025-09-26 10:10:01,u,6299.92,6299.92
272,62001453,2025-11-08 04:18:12,placed,2025-11-08 04:18:12,credit,USD,272,wainwright.colecrough@emailsim.io,overnight,store,7 Tennyson Park,Houston,CO,77206,11600 Commerce Street,Denver,CO,80270,5,,7 Tennyson Park,Houston,TX,77206,2025-11-08 04:18:12,u,6399.94,6399.94
273,43648096,2025-11-06 14:35:29,ready for pickup,2025-11-07 22:35:29,credit,USD,273,tania.harsant@emailsim.io,standard,home,11469 Georgia Street,San Jose,CA,95118,11469 Georgia Street,San Jose,CA,95118,4,,35901 Anniversary Parkway,Tulsa,OK,74116,2025-11-07 22:35:29,u,4699.95,4699.95
274,43648096,2025-08-15 09:07:00,delivered,2025-08-16 11:07:00,credit,USD,274,corabella.bernardy@emailsim.io,overnight,store,475 Center Place,Atlanta,FL,30301,4533 Woodland Drive,Tampa,FL,33620,2,,475 Center Place,Atlanta,GA,30301,2025-08-16 11:07:00,u,7599.91,7599.91
275,43648096,2025-11-29 12:59:56,picked up,2025-11-30 23:59:56,debit,USD,275,vite.brekonridge@emailsim.io,,,13380 Ohio Street,Madison,WI,53710,13380 Ohio Street,Madison,WI,53710,5,,7 Tennyson Park,Houston,TX,77206,2025-11-30 23:59:56,u,4599.96,4599.96
276,43648096,2025-10-17 07:09:35,cancelled,2025-10-19 05:09:35,credit,USD,276,isobel.mckennan@emailsim.io,expedited,store,29 Milwaukee Place,Albany,WY,12227,9776 Broad Street,Cheyenne,WY,82007,1,,29 Milwaukee Place,Albany,NY,12227,2025-10-19 05:09:35,u,8099.92,8099.92
277,24158844,2025-09-09 02:49:46,ready for pickup,2025-09-09 21:49:46,credit,USD,277,willis.kimbrey@emailsim.io,expedited,home,6595 Valley Road,Phoenix,AZ,85077,6595 Valley Road,Phoenix,AZ,85077,3,,6 Twin Pines Circle,Arlington,VA,22234,2025-09-09 21:49:46,u,9799.91,9799.91
278,24158844,2025-12-10 11:08:34,delivered,2025-12-12 09:08:34,credit,USD,278,lek.carrigan@emailsim.io,overnight,store,35901 Anniversary Parkway,Tulsa,NY,74116,14290 Texas Avenue,Jamaica,NY,11407,4,,35901 Anniversary Parkway,Tulsa,OK,74116,2025-12-12 09:08:34,u,5799.93,5799.93
279,24158844,2025-10-25 00:05:08,picked up,2025-10-25 21:05:08,credit,USD,279,basilius.herety@emailsim.io,,,10418 Grove Street,Washington,DC,20029,10418 Grove Street,Washington,DC,20029,2,,475 Center Place,Atlanta,GA,30301,2025-10-25 21:05:08,u,7499.94,7499.94
280,65620893,2025-12-12 00:11:21,cancelled,2025-12-12 07:11:21,debit,USD,280,tania.harsant@emailsim.io,overnight,home,14419 Meadow Lane,Waterbury,CT,06705,14419 Meadow Lane,Waterbury,CT,06705,1,,29 Milwaukee Place,Albany,NY,12227,2025-12-12 07:11:21,u,2599.98,2599.98
281,65620893,2025-09-17 23:43:02,shipped,2025-09-19 20:43:02,credit,USD,281,gordy.glowacki@emailsim.io,standard,home,7334 Magnolia Avenue,Fort Wayne,IN,46857,7334 Magnolia Avenue,Fort Wayne,IN,46857,3,,6 Twin Pines Circle,Arlington,VA,22234,2025-09-19 20:43:02,u,6899.92,6899.92
282,94956887,2025-08-21 20:00:57,placed,2025-08-21 20:00:57,credit,USD,282,edouard.hargitt@emailsim.io,expedited,store,7 Tennyson Park,Houston,CT,77206,5071 Hillside Avenue,Hartford,CT,06145,5,,7 Tennyson Park,Houston,TX,77206,2025-08-21 20:00:57,u,2799.96,2799.96
283,94956887,2025-09-22 21:14:28,delivered,2025-09-22 22:14:28,debit,USD,283,lexie.silverman@emailsim.io,overnight,home,7742 Veterans Drive,Albany,NY,12237,7742 Veterans Drive,Albany,NY,12237,3,,6 Twin Pines Circle,Arlington,VA,22234,2025-09-22 22:14:28,u,4799.95,4799.95
284,94956887,2025-11-29 21:28:55,placed,2025-11-29 21:28:55,credit,USD,284,lionel.linnett@emailsim.io,standard,store,29 Milwaukee Place,Albany,CA,12227,13409 Ridge Road,San Mateo,CA,94405,1,,29 Milwaukee Place,Albany,NY,12227,2025-11-29 21:28:55,u,5799.93,5799.93
285,53392741,2025-11-04 12:32:33,picked up,2025-11-04 17:32:33,credit,USD,285,jervis.bradane@emailsim.io,,,11295 Circle Drive,Atlanta,GA,31106,11295 Circle Drive,Atlanta,GA,31106,5,,7 Tennyson Park,Houston,TX,77206,2025-11-04 17:32:33,u,4499.95,4499.95
286,53392741,2025-08-14 09:03:31,cancelled,2025-08-15 20:03:31,gift,USD,286,morris.dietzler@emailsim.io,standard,store,29 Milwaukee Place,Albany,CA,12227,4450 Lakeview Avenue,Sacramento,CA,94291,1,,29 Milwaukee Place,Albany,NY,12227,2025-08-15 20:03:31,u,8199.92,8199.92
287,53392741,2025-11-24 21:25:51,shipped,2025-11-26 17:25:51,credit,USD,287,lou.erricker@emailsim.io,expedited,store,6 Twin Pines Circle,Arlington,IL,22234,12992 Vista Drive,Palatine,IL,60078,3,,6 Twin Pines Circle,Arlington,VA,22234,2025-11-26 17:25:51,u,5999.95,5999.95
288,48191080,2025-11-03 22:15:09,ready for pickup,2025-11-04 21:15:09,gift,USD,288,clara.poll@emailsim.io,overnight,home,11245 State Street,Atlanta,GA,30358,11245 State Street,Atlanta,GA,30358,5,,7 Tennyson Park,Houston,TX,77206,2025-11-04 21:15:09,u,3299.96,3299.96
289,48191080,2025-07-21 00:37:32,shipped,2025-07-21 15:37:32,credit,USD,289,pail.belding@emailsim.io,overnight,store,29 Milwaukee Place,Albany,HI,12227,2421 Old Town Road,Honolulu,HI,96840,1,,29 Milwaukee Place,Albany,NY,12227,2025-07-21 15:37:32,u,4199.95,4199.95
290,48191080,2025-10-03 18:06:09,placed,2025-10-03 18:06:09,credit,USD,290,loutitia.cornish@emailsim.io,standard,home,8648 Spring Street,Washington,DC,20036,8648 Spring Street,Washington,DC,20036,3,,6 Twin Pines Circle,Arlington,VA,22234,2025-10-03 18:06:09,u,7199.9,7199.9
291,23728077,2025-06-22 14:14:44,ready for pickup,2025-06-22 23:14:44,credit,USD,291,sancho.zipsell@emailsim.io,expedited,store,7 Tennyson Park,Houston,SC,77206,52 Chestnut Street,Greenville,SC,29605,5,,7 Tennyson Park,Houston,TX,77206,2025-06-22 23:14:44,u,5699.94,5699.94
292,23728077,2025-09-26 02:37:35,delivered,2025-09-27 04:37:35,credit,USD,292,ashil.dibdall@emailsim.io,expedited,home,8011 Terrace Avenue,Buffalo,NY,14215,8011 Terrace Avenue,Buffalo,NY,14215,1,,29 Milwaukee Place,Albany,NY,12227,2025-09-27 04:37:35,u,7399.92,7399.92
293,51087608,2025-08-08 07:31:23,picked up,2025-08-08 19:31:23,credit,USD,293,loutitia.cornish@emailsim.io,,,3945 Lake Drive,Brooklyn,NY,11210,3945 Lake Drive,Brooklyn,NY,11210,2,,475 Center Place,Atlanta,GA,30301,2025-08-08 19:31:23,u,8999.94,8999.94
294,51087608,2025-08-20 19:47:46,cancelled,2025-08-22 13:47:46,credit,USD,294,herminia.scryne@emailsim.io,standard,store,7 Tennyson Park,Houston,IL,77206,4987 Hillside Avenue,Carol Stream,IL,60351,5,,7 Tennyson Park,Houston,TX,77206,2025-08-22 13:47:46,u,5099.95,5099.95
295,11888835,2025-10-12 12:06:30,shipped,2025-10-14 01:06:30,credit,USD,295,sayres.hutchens@emailsim.io,standard,home,9377 Taylor Street,Wichita,KS,67205,9377 Taylor Street,Wichita,KS,67205,2,,475 Center Place,Atlanta,GA,30301,2025-10-14 01:06:30,u,2699.97,2699.97
296,11888835,2025-12-16 05:50:37,picked up,2025-12-18 04:50:37,credit,USD,296,sarah.ocrigan@emailsim.io,,,14771 Wilson Avenue,Montgomery,AL,36134,14771 Wilson Avenue,Montgomery,AL,36134,4,,35901 Anniversary Parkway,Tulsa,OK,74116,2025-12-18 04:50:37,u,10199.92,10199.92
297,11888835,2025-11-25 10:09:06,ready for pickup,2025-11-26 09:09:06,credit,USD,297,allyson.triebner@emailsim.io,overnight,home,13037 Grand Avenue,Saint Louis,MO,63104,13037 Grand Avenue,Saint Louis,MO,63104,5,,7 Tennyson Park,Houston,TX,77206,2025-11-26 09:09:06,u,4399.94,4399.94
298,11888835,2025-07-28 08:43:38,delivered,2025-07-28 19:43:38,debit,USD,298,joseito.longridge@emailsim.io,overnight,store,29 Milwaukee Place,Albany,PA,12227,3032 Second Street,Erie,PA,16505,1,,29 Milwaukee Place,Albany,NY,12227,2025-07-28 19:43:38,u,4999.94,4999.94
299,11888835,2025-10-18 09:02:15,placed,2025-10-18 09:02:15,credit,USD,299,myrtice.kenlin@emailsim.io,standard,home,9866 Victory Boulevard,San Rafael,CA,94913,9866 Victory Boulevard,San Rafael,CA,94913,3,,6 Twin Pines Circle,Arlington,VA,22234,2025-10-18 09:02:15,u,2699.97,2699.97
300,11730761,2025-10-31 15:14:25,cancelled,2025-11-01 06:14:25,credit,USD,300,alysa.sloper@emailsim.io,expedited,store,29 Milwaukee Place,Albany,TN,12227,10971 Fourth Street,Jackson,TN,38308,1,,29 Milwaukee Place,Albany,NY,12227,2025-11-01 06:14:25,u,2599.97,2599.97
301,11730761,2025-08-11 22:55:34,delivered,2025-08-12 05:55:34,debit,USD,301,marybelle.delafoy@emailsim.io,standard,home,4248 Fourth Street,Grand Rapids,MI,49544,4248 Fourth Street,Grand Rapids,MI,49544,2,,475 Center Place,Atlanta,GA,30301,2025-08-12 05:55:34,u,1799.98,1799.98
302,11730761,2025-11-24 15:24:19,picked up,2025-11-26 02:24:19,credit,USD,302,stuart.szwarc@emailsim.io,,,12971 Central Street,Phoenix,AZ,85010,12971 Central Street,Phoenix,AZ,85010,5,,7 Tennyson Park,Houston,TX,77206,2025-11-26 02:24:19,u,9299.91,9299.91
303,11730761,2025-09-21 04:06:06,shipped,2025-09-21 12:06:06,credit,USD,303,amil.kender@emailsim.io,overnight,home,7599 Hillcrest Drive,Sacramento,CA,94207,7599 Hillcrest Drive,Sacramento,CA,94207,4,,35901 Anniversary Parkway,Tulsa,OK,74116,2025-09-21 12:06:06,u,10599.91,10599.91
304,10745717,2025-09-28 02:40:11,placed,2025-09-28 02:40:11,credit,USD,304,glenden.hearnah@emailsim.io,expedited,store,29 Milwaukee Place,Albany,CA,12227,8178 North Street,San Diego,CA,92176,1,,29 Milwaukee Place,Albany,NY,12227,2025-09-28 02:40:11,u,3499.96,3499.96
305,10745717,2025-08-06 04:58:37,ready for pickup,2025-08-07 05:58:37,credit,USD,305,morris.dietzler@emailsim.io,overnight,home,3769 Village Lane,Boulder,CO,80305,3769 Village Lane,Boulder,CO,80305,2,,475 Center Place,Atlanta,GA,30301,2025-08-07 05:58:37,u,8899.9,8899.9
